Cedula;Nombre;Vacante;Correo;Telefono;Fecha;Hora;Descripcion;Ubicacion;Asistencia;Comentarios
1014859662;Ricardo Cubillos Combariza;People FP&A;ricardocubillosc@javeriana.edu.co; 321 8574669;14 de octubre de 2026;7:30 a.m. a 11:30 a.m.;Apoyarás al equipo de People FP&A (Planeación y Análisis Financiero del área de People) en el seguimiento a la ejecución de gastos, facturas y cuentas con proveedores, y en el reporte oportuno de headcount, ZBB (presupuesto base cero), turnover y resultados del ranking de People.;Carrera 53A # 127-35, Bogotá;;
1034576632;Simón Franco Uribe;People FP&A;francouribesimon@gmail.com; 322 3704429;14 de octubre de 2026;7:30 a.m. a 11:30 a.m.;Apoyarás al equipo de People FP&A (Planeación y Análisis Financiero del área de People) en el seguimiento a la ejecución de gastos, facturas y cuentas con proveedores, y en el reporte oportuno de headcount, ZBB (presupuesto base cero), turnover y resultados del ranking de People.;Carrera 53A # 127-35, Bogotá;;
1054283421;Lineth Tatiana Parra;People FP&A;tatianaparra1805@gmail.com; 315 6756238;14 de octubre de 2026;7:30 a.m. a 11:30 a.m.;Apoyarás al equipo de People FP&A (Planeación y Análisis Financiero del área de People) en el seguimiento a la ejecución de gastos, facturas y cuentas con proveedores, y en el reporte oportuno de headcount, ZBB (presupuesto base cero), turnover y resultados del ranking de People.;Carrera 53A # 127-35, Bogotá;;
1022939244;Valentín Moncada Sánchez;People FP&A;sanvalentin139@gmail.com; 319 5528847;14 de octubre de 2026;7:30 a.m. a 11:30 a.m.;Apoyarás al equipo de People FP&A (Planeación y Análisis Financiero del área de People) en el seguimiento a la ejecución de gastos, facturas y cuentas con proveedores, y en el reporte oportuno de headcount, ZBB (presupuesto base cero), turnover y resultados del ranking de People.;Carrera 53A # 127-35, Bogotá;;
1031641933;Juan Esteban Paez Ruiz;People FP&A;jepr.240505@gmail.com; 310 3824756;14 de octubre de 2026;7:30 a.m. a 11:30 a.m.;Apoyarás al equipo de People FP&A (Planeación y Análisis Financiero del área de People) en el seguimiento a la ejecución de gastos, facturas y cuentas con proveedores, y en el reporte oportuno de headcount, ZBB (presupuesto base cero), turnover y resultados del ranking de People.;Carrera 53A # 127-35, Bogotá;;
1027210314;Cristian Beltran Mendez;People FP&A;cristianbeltran450@gmail.com; 315 6652203;14 de octubre de 2026;7:30 a.m. a 11:30 a.m.;Apoyarás al equipo de People FP&A (Planeación y Análisis Financiero del área de People) en el seguimiento a la ejecución de gastos, facturas y cuentas con proveedores, y en el reporte oportuno de headcount, ZBB (presupuesto base cero), turnover y resultados del ranking de People.;Carrera 53A # 127-35, Bogotá;;
1013102674;Danna Karina Tovar Cabezas;People FP&A;dkarina.th@gmail.com;3026715667;14 de octubre de 2026;7:30 a.m. a 11:30 a.m.;Apoyarás al equipo de People FP&A (Planeación y Análisis Financiero del área de People) en el seguimiento a la ejecución de gastos, facturas y cuentas con proveedores, y en el reporte oportuno de headcount, ZBB (presupuesto base cero), turnover y resultados del ranking de People.;Carrera 53A # 127-35, Bogotá;;
1016833922;María Juliana Sánchez Martínez;People FP&A;majusanma7@gmail.com; 310 6748268;14 de octubre de 2026;7:30 a.m. a 11:30 a.m.;Apoyarás al equipo de People FP&A (Planeación y Análisis Financiero del área de People) en el seguimiento a la ejecución de gastos, facturas y cuentas con proveedores, y en el reporte oportuno de headcount, ZBB (presupuesto base cero), turnover y resultados del ranking de People.;Carrera 53A # 127-35, Bogotá;;
1023242066;Juan José Díaz Rodríguez;People FP&A;juanj.diazr1993@gmail.com;3143988803;14 de octubre de 2026;7:30 a.m. a 11:30 a.m.;Apoyarás al equipo de People FP&A (Planeación y Análisis Financiero del área de People) en el seguimiento a la ejecución de gastos, facturas y cuentas con proveedores, y en el reporte oportuno de headcount, ZBB (presupuesto base cero), turnover y resultados del ranking de People.;Carrera 53A # 127-35, Bogotá;;
1034516871;Gabriela Lopez;People FP&A;gabrielalopezp5@gmail.com; 316 2398383;14 de octubre de 2026;7:30 a.m. a 11:30 a.m.;Apoyarás al equipo de People FP&A (Planeación y Análisis Financiero del área de People) en el seguimiento a la ejecución de gastos, facturas y cuentas con proveedores, y en el reporte oportuno de headcount, ZBB (presupuesto base cero), turnover y resultados del ranking de People.;Carrera 53A # 127-35, Bogotá;;
1000163318;ANDRES FELIPE DELGADO REY;People FP&A;afdelgado@universidadmayor.edu.co;3143611237;14 de octubre de 2026;7:30 a.m. a 11:30 a.m.;Apoyarás al equipo de People FP&A (Planeación y Análisis Financiero del área de People) en el seguimiento a la ejecución de gastos, facturas y cuentas con proveedores, y en el reporte oportuno de headcount, ZBB (presupuesto base cero), turnover y resultados del ranking de People.;Carrera 53A # 127-35, Bogotá;;
1118362920;Jhon Castillo;People FP&A;fc9908885@gmail.com;321 8367707;14 de octubre de 2026;7:30 a.m. a 11:30 a.m.;Apoyarás al equipo de People FP&A (Planeación y Análisis Financiero del área de People) en el seguimiento a la ejecución de gastos, facturas y cuentas con proveedores, y en el reporte oportuno de headcount, ZBB (presupuesto base cero), turnover y resultados del ranking de People.;Carrera 53A # 127-35, Bogotá;;
1096801863;Daniela Galindo;People FP&A;danielagalindogalvez@gmail.com; 301 5337662;14 de octubre de 2026;7:30 a.m. a 11:30 a.m.;Apoyarás al equipo de People FP&A (Planeación y Análisis Financiero del área de People) en el seguimiento a la ejecución de gastos, facturas y cuentas con proveedores, y en el reporte oportuno de headcount, ZBB (presupuesto base cero), turnover y resultados del ranking de People.;Carrera 53A # 127-35, Bogotá;;
1007529993;Isabella Triana;People FP&A;isabella.triana.f@gmail.com; 315 5444444;14 de octubre de 2026;7:30 a.m. a 11:30 a.m.;Apoyarás al equipo de People FP&A (Planeación y Análisis Financiero del área de People) en el seguimiento a la ejecución de gastos, facturas y cuentas con proveedores, y en el reporte oportuno de headcount, ZBB (presupuesto base cero), turnover y resultados del ranking de People.;Carrera 53A # 127-35, Bogotá;;
1001300590;Juan Miguel Aguirre Guzman;Asuntos Corporativos;jm.aguirre@uniandes.edu.co; 312 2329005;14 de octubre de 2026;1:30 p.m. a 5:30 p.m.;Apoyarás al equipo de Asuntos Corporativos y Legal en la revisión y auditoría de los procesos del área legal para identificar oportunidades de mejora, en iniciativas de transformación, digitalización y estandarización de procesos, y en la consolidación y seguimiento de los indicadores de desempeño del área.;Carrera 53A # 127-35, Bogotá;;
1031644605;Maria Fernanda Perico Agudelo;Asuntos Corporativos;pericoagudelomariafernanda@gmail.com;3197010253;14 de octubre de 2026;1:30 p.m. a 5:30 p.m.;Apoyarás al equipo de Asuntos Corporativos y Legal en la revisión y auditoría de los procesos del área legal para identificar oportunidades de mejora, en iniciativas de transformación, digitalización y estandarización de procesos, y en la consolidación y seguimiento de los indicadores de desempeño del área.;Carrera 53A # 127-35, Bogotá;;
1000364978;Mateo Fontecha;Asuntos Corporativos;mateo.fontecha@outlook.com;0;14 de octubre de 2026;1:30 p.m. a 5:30 p.m.;Apoyarás al equipo de Asuntos Corporativos y Legal en la revisión y auditoría de los procesos del área legal para identificar oportunidades de mejora, en iniciativas de transformación, digitalización y estandarización de procesos, y en la consolidación y seguimiento de los indicadores de desempeño del área.;Carrera 53A # 127-35, Bogotá;;
1111755107;María Angélica Sánchez Ortiz;Asuntos Corporativos;sanchezo.mangelica@javeriana.edu.co;3013632349;14 de octubre de 2026;1:30 p.m. a 5:30 p.m.;Apoyarás al equipo de Asuntos Corporativos y Legal en la revisión y auditoría de los procesos del área legal para identificar oportunidades de mejora, en iniciativas de transformación, digitalización y estandarización de procesos, y en la consolidación y seguimiento de los indicadores de desempeño del área.;Carrera 53A # 127-35, Bogotá;;
1002156347;Juan Salcedo;Asuntos Corporativos;jjsalcedohernandez@gmail.com; 310 3456622;14 de octubre de 2026;1:30 p.m. a 5:30 p.m.;Apoyarás al equipo de Asuntos Corporativos y Legal en la revisión y auditoría de los procesos del área legal para identificar oportunidades de mejora, en iniciativas de transformación, digitalización y estandarización de procesos, y en la consolidación y seguimiento de los indicadores de desempeño del área.;Carrera 53A # 127-35, Bogotá;;
1014978352;Juan Pablo Navarro Vega;Asuntos Corporativos;j.navarrov@uniandes.edu.co; 314 3392961;14 de octubre de 2026;1:30 p.m. a 5:30 p.m.;Apoyarás al equipo de Asuntos Corporativos y Legal en la revisión y auditoría de los procesos del área legal para identificar oportunidades de mejora, en iniciativas de transformación, digitalización y estandarización de procesos, y en la consolidación y seguimiento de los indicadores de desempeño del área.;Carrera 53A # 127-35, Bogotá;;
1025528570;Luna Carolina Ardila Jiménez;Asuntos Corporativos;lunaardila08@hotmail.com;0;14 de octubre de 2026;1:30 p.m. a 5:30 p.m.;Apoyarás al equipo de Asuntos Corporativos y Legal en la revisión y auditoría de los procesos del área legal para identificar oportunidades de mejora, en iniciativas de transformación, digitalización y estandarización de procesos, y en la consolidación y seguimiento de los indicadores de desempeño del área.;Carrera 53A # 127-35, Bogotá;;
1110365169;Natalia Prieto Ferro;Asuntos Corporativos;nataliaprieto0507@gmail.com; 310 6711911;14 de octubre de 2026;1:30 p.m. a 5:30 p.m.;Apoyarás al equipo de Asuntos Corporativos y Legal en la revisión y auditoría de los procesos del área legal para identificar oportunidades de mejora, en iniciativas de transformación, digitalización y estandarización de procesos, y en la consolidación y seguimiento de los indicadores de desempeño del área.;Carrera 53A # 127-35, Bogotá;;
1000719548;Juan Francisco Corredor Borja;Asuntos Corporativos;corredorborja@gmail.com; 321 2247261;14 de octubre de 2026;1:30 p.m. a 5:30 p.m.;Apoyarás al equipo de Asuntos Corporativos y Legal en la revisión y auditoría de los procesos del área legal para identificar oportunidades de mejora, en iniciativas de transformación, digitalización y estandarización de procesos, y en la consolidación y seguimiento de los indicadores de desempeño del área.;Carrera 53A # 127-35, Bogotá;;
1001096590;Daniel Gómez Anaya;Asuntos Corporativos;dfelipegomeza203@gmail.com; 302 2508910;14 de octubre de 2026;1:30 p.m. a 5:30 p.m.;Apoyarás al equipo de Asuntos Corporativos y Legal en la revisión y auditoría de los procesos del área legal para identificar oportunidades de mejora, en iniciativas de transformación, digitalización y estandarización de procesos, y en la consolidación y seguimiento de los indicadores de desempeño del área.;Carrera 53A # 127-35, Bogotá;;
1031652558;Matias Daza;Asuntos Corporativos;daza.matias@javeriana.edu.co;3058170290;14 de octubre de 2026;1:30 p.m. a 5:30 p.m.;Apoyarás al equipo de Asuntos Corporativos y Legal en la revisión y auditoría de los procesos del área legal para identificar oportunidades de mejora, en iniciativas de transformación, digitalización y estandarización de procesos, y en la consolidación y seguimiento de los indicadores de desempeño del área.;Carrera 53A # 127-35, Bogotá;;
1032676292;Jimena Torres;Asuntos Corporativos;jimenavatorresc@gmail.com;3054515758;14 de octubre de 2026;1:30 p.m. a 5:30 p.m.;Apoyarás al equipo de Asuntos Corporativos y Legal en la revisión y auditoría de los procesos del área legal para identificar oportunidades de mejora, en iniciativas de transformación, digitalización y estandarización de procesos, y en la consolidación y seguimiento de los indicadores de desempeño del área.;Carrera 53A # 127-35, Bogotá;;
1011091671;Luisa Fernanda Rojas Tovar;Atracción de talento y Marca Empleadora;luisafernandarojastovar@gmail.com;3112753531;14 de octubre de 2026;7:30 a.m. a 11:30 a.m.;Apoyarás al equipo de Atracción de Talento y Marca Empleadora en la planeación de eventos universitarios, los contenidos de employer branding (EVP) en redes sociales y los procesos de reclutamiento, además de iniciativas de Cultura y Desarrollo como campañas de cultura y valores, proyectos de formación de Universidad Bavaria, acciones de inclusión y el onboarding corporativo.;Carrera 53A # 127-35, Bogotá;;
1094045254;Samuel Sanchez Caceres;Atracción de talento y Marca Empleadora;sdsanchezc.27@gmail.com; 302 3135214;14 de octubre de 2026;7:30 a.m. a 11:30 a.m.;Apoyarás al equipo de Atracción de Talento y Marca Empleadora en la planeación de eventos universitarios, los contenidos de employer branding (EVP) en redes sociales y los procesos de reclutamiento, además de iniciativas de Cultura y Desarrollo como campañas de cultura y valores, proyectos de formación de Universidad Bavaria, acciones de inclusión y el onboarding corporativo.;Carrera 53A # 127-35, Bogotá;;
1072644235;Nicole Daiam Chiquiza Moreno;Atracción de talento y Marca Empleadora;nicolechiquiza@gmail.com; 305 3136665;14 de octubre de 2026;7:30 a.m. a 11:30 a.m.;Apoyarás al equipo de Atracción de Talento y Marca Empleadora en la planeación de eventos universitarios, los contenidos de employer branding (EVP) en redes sociales y los procesos de reclutamiento, además de iniciativas de Cultura y Desarrollo como campañas de cultura y valores, proyectos de formación de Universidad Bavaria, acciones de inclusión y el onboarding corporativo.;Carrera 53A # 127-35, Bogotá;;
1021633152;Miguel Mulett;Atracción de talento y Marca Empleadora;miguemul1@gmail.com; 313 2476415;14 de octubre de 2026;7:30 a.m. a 11:30 a.m.;Apoyarás al equipo de Atracción de Talento y Marca Empleadora en la planeación de eventos universitarios, los contenidos de employer branding (EVP) en redes sociales y los procesos de reclutamiento, además de iniciativas de Cultura y Desarrollo como campañas de cultura y valores, proyectos de formación de Universidad Bavaria, acciones de inclusión y el onboarding corporativo.;Carrera 53A # 127-35, Bogotá;;
1000286128;Andres Fuentes Forero;Atracción de talento y Marca Empleadora;foreroandres292@gmail.com; 318 2479065;14 de octubre de 2026;7:30 a.m. a 11:30 a.m.;Apoyarás al equipo de Atracción de Talento y Marca Empleadora en la planeación de eventos universitarios, los contenidos de employer branding (EVP) en redes sociales y los procesos de reclutamiento, además de iniciativas de Cultura y Desarrollo como campañas de cultura y valores, proyectos de formación de Universidad Bavaria, acciones de inclusión y el onboarding corporativo.;Carrera 53A # 127-35, Bogotá;;
1021512114;Sara Sofia Hernandez Neira;Atracción de talento y Marca Empleadora;sarahernandezn.20@gmail.com; 313 4649889;14 de octubre de 2026;7:30 a.m. a 11:30 a.m.;Apoyarás al equipo de Atracción de Talento y Marca Empleadora en la planeación de eventos universitarios, los contenidos de employer branding (EVP) en redes sociales y los procesos de reclutamiento, además de iniciativas de Cultura y Desarrollo como campañas de cultura y valores, proyectos de formación de Universidad Bavaria, acciones de inclusión y el onboarding corporativo.;Carrera 53A # 127-35, Bogotá;;
1012337267;Maria Alejandra Castro Jauregui;Atracción de talento y Marca Empleadora;mariacasjau@unisabana.edu.co; 322 4018881;14 de octubre de 2026;7:30 a.m. a 11:30 a.m.;Apoyarás al equipo de Atracción de Talento y Marca Empleadora en la planeación de eventos universitarios, los contenidos de employer branding (EVP) en redes sociales y los procesos de reclutamiento, además de iniciativas de Cultura y Desarrollo como campañas de cultura y valores, proyectos de formación de Universidad Bavaria, acciones de inclusión y el onboarding corporativo.;Carrera 53A # 127-35, Bogotá;;
1107834811;Catalina Gómez;Atracción de talento y Marca Empleadora;c.gomezt2@uniandes.edu.co;3116257553;14 de octubre de 2026;7:30 a.m. a 11:30 a.m.;Apoyarás al equipo de Atracción de Talento y Marca Empleadora en la planeación de eventos universitarios, los contenidos de employer branding (EVP) en redes sociales y los procesos de reclutamiento, además de iniciativas de Cultura y Desarrollo como campañas de cultura y valores, proyectos de formación de Universidad Bavaria, acciones de inclusión y el onboarding corporativo.;Carrera 53A # 127-35, Bogotá;;
1006100465;Gabriela Izquierdo Agudelo;Atracción de talento y Marca Empleadora;gizquierda@eafit.edu.co; 322 5048635;14 de octubre de 2026;7:30 a.m. a 11:30 a.m.;Apoyarás al equipo de Atracción de Talento y Marca Empleadora en la planeación de eventos universitarios, los contenidos de employer branding (EVP) en redes sociales y los procesos de reclutamiento, además de iniciativas de Cultura y Desarrollo como campañas de cultura y valores, proyectos de formación de Universidad Bavaria, acciones de inclusión y el onboarding corporativo.;Carrera 53A # 127-35, Bogotá;;
1023372804;Mariana Rojas Rodriguez;Atracción de talento y Marca Empleadora;marianaroro16@gmail.com;305 7325384;14 de octubre de 2026;7:30 a.m. a 11:30 a.m.;Apoyarás al equipo de Atracción de Talento y Marca Empleadora en la planeación de eventos universitarios, los contenidos de employer branding (EVP) en redes sociales y los procesos de reclutamiento, además de iniciativas de Cultura y Desarrollo como campañas de cultura y valores, proyectos de formación de Universidad Bavaria, acciones de inclusión y el onboarding corporativo.;Carrera 53A # 127-35, Bogotá;;
1031610059;Gabriela Lievano;Atracción de talento y Marca Empleadora;gabilievano0120@gmail.com;3107579299;14 de octubre de 2026;7:30 a.m. a 11:30 a.m.;Apoyarás al equipo de Atracción de Talento y Marca Empleadora en la planeación de eventos universitarios, los contenidos de employer branding (EVP) en redes sociales y los procesos de reclutamiento, además de iniciativas de Cultura y Desarrollo como campañas de cultura y valores, proyectos de formación de Universidad Bavaria, acciones de inclusión y el onboarding corporativo.;Carrera 53A # 127-35, Bogotá;;
1016912331;Gabriela Aguirre Cortes;Atracción de talento y Marca Empleadora;gabyaguirrecortes@gmail.com; 319 4972788;14 de octubre de 2026;7:30 a.m. a 11:30 a.m.;Apoyarás al equipo de Atracción de Talento y Marca Empleadora en la planeación de eventos universitarios, los contenidos de employer branding (EVP) en redes sociales y los procesos de reclutamiento, además de iniciativas de Cultura y Desarrollo como campañas de cultura y valores, proyectos de formación de Universidad Bavaria, acciones de inclusión y el onboarding corporativo.;Carrera 53A # 127-35, Bogotá;;
1041970241;Danilo Alexander Carballo Jabba;Brewing & Quality Cervecería de Barranquilla;danilocarballo53@gmail.com;0;22 de octubre de 2026;12:30 p.m. a 5:00 p.m.;Apoyarás al área de Brewing & Quality de la Cervecería de Barranquilla en el seguimiento y análisis de indicadores de consumo de agua, consumo de químicos y desempeño de los procesos CIP, el desarrollo de herramientas de control y visualización de datos, y liderarás una iniciativa de mejora sobre un KPI del proceso de elaboración.;Calle 10 # 38-280, Barranquillita, Barranquilla;;
1048434954;Johan Miguel Granados Hidalgo;Brewing & Quality Cervecería de Barranquilla;johanmiguel.jmgh@gmail.com;3012298941;22 de octubre de 2026;12:30 p.m. a 5:00 p.m.;Apoyarás al área de Brewing & Quality de la Cervecería de Barranquilla en el seguimiento y análisis de indicadores de consumo de agua, consumo de químicos y desempeño de los procesos CIP, el desarrollo de herramientas de control y visualización de datos, y liderarás una iniciativa de mejora sobre un KPI del proceso de elaboración.;Calle 10 # 38-280, Barranquillita, Barranquilla;;
1007764065;Mayerlis Peluffo Mendoza;Brewing & Quality Cervecería de Barranquilla;danzapeluffo@gmail.com; 312 6172663;22 de octubre de 2026;12:30 p.m. a 5:00 p.m.;Apoyarás al área de Brewing & Quality de la Cervecería de Barranquilla en el seguimiento y análisis de indicadores de consumo de agua, consumo de químicos y desempeño de los procesos CIP, el desarrollo de herramientas de control y visualización de datos, y liderarás una iniciativa de mejora sobre un KPI del proceso de elaboración.;Calle 10 # 38-280, Barranquillita, Barranquilla;;
1048264627;KAROL DE BARROS PADILLA;Brewing & Quality Cervecería de Barranquilla;kayrol2810@gmail.com;3004451226;22 de octubre de 2026;12:30 p.m. a 5:00 p.m.;Apoyarás al área de Brewing & Quality de la Cervecería de Barranquilla en el seguimiento y análisis de indicadores de consumo de agua, consumo de químicos y desempeño de los procesos CIP, el desarrollo de herramientas de control y visualización de datos, y liderarás una iniciativa de mejora sobre un KPI del proceso de elaboración.;Calle 10 # 38-280, Barranquillita, Barranquilla;;
1042244929;Liseth Barrios Guzman;Brewing & Quality Cervecería de Barranquilla;plbarrios@uninorte.edu.co; 300 7536860;22 de octubre de 2026;12:30 p.m. a 5:00 p.m.;Apoyarás al área de Brewing & Quality de la Cervecería de Barranquilla en el seguimiento y análisis de indicadores de consumo de agua, consumo de químicos y desempeño de los procesos CIP, el desarrollo de herramientas de control y visualización de datos, y liderarás una iniciativa de mejora sobre un KPI del proceso de elaboración.;Calle 10 # 38-280, Barranquillita, Barranquilla;;
1048434816;Laura Alvarado Zapata;Brewing & Quality Cervecería de Barranquilla;lauraalvaradozp04@gmail.com; 314 5227092;22 de octubre de 2026;12:30 p.m. a 5:00 p.m.;Apoyarás al área de Brewing & Quality de la Cervecería de Barranquilla en el seguimiento y análisis de indicadores de consumo de agua, consumo de químicos y desempeño de los procesos CIP, el desarrollo de herramientas de control y visualización de datos, y liderarás una iniciativa de mejora sobre un KPI del proceso de elaboración.;Calle 10 # 38-280, Barranquillita, Barranquilla;;
1010151670;LAURA DANIELA GUERRERO RAMOS;Brewing & Quality Cervecería de Barranquilla;danielaguerrero270@gmail.com; 316 2503458;22 de octubre de 2026;12:30 p.m. a 5:00 p.m.;Apoyarás al área de Brewing & Quality de la Cervecería de Barranquilla en el seguimiento y análisis de indicadores de consumo de agua, consumo de químicos y desempeño de los procesos CIP, el desarrollo de herramientas de control y visualización de datos, y liderarás una iniciativa de mejora sobre un KPI del proceso de elaboración.;Calle 10 # 38-280, Barranquillita, Barranquilla;;
1045226956;MARIA CAROLINA ZAPATA ROA;Brewing & Quality Cervecería de Barranquilla;mcarolinazapata@mail.uniatlantico.edu.co;300 1246603;22 de octubre de 2026;12:30 p.m. a 5:00 p.m.;Apoyarás al área de Brewing & Quality de la Cervecería de Barranquilla en el seguimiento y análisis de indicadores de consumo de agua, consumo de químicos y desempeño de los procesos CIP, el desarrollo de herramientas de control y visualización de datos, y liderarás una iniciativa de mejora sobre un KPI del proceso de elaboración.;Calle 10 # 38-280, Barranquillita, Barranquilla;;
1052946093;Nataly Alvarez Menco;Brewing & Quality Cervecería de Barranquilla;nalvarezmenco1119@gmail.com;3205739128;22 de octubre de 2026;12:30 p.m. a 5:00 p.m.;Apoyarás al área de Brewing & Quality de la Cervecería de Barranquilla en el seguimiento y análisis de indicadores de consumo de agua, consumo de químicos y desempeño de los procesos CIP, el desarrollo de herramientas de control y visualización de datos, y liderarás una iniciativa de mejora sobre un KPI del proceso de elaboración.;Calle 10 # 38-280, Barranquillita, Barranquilla;;
1001884244;Esneider david Guzman de barros;Brewing & Quality Cervecería de Barranquilla;esneiderguzman19@gmail.com;3017621408;22 de octubre de 2026;12:30 p.m. a 5:00 p.m.;Apoyarás al área de Brewing & Quality de la Cervecería de Barranquilla en el seguimiento y análisis de indicadores de consumo de agua, consumo de químicos y desempeño de los procesos CIP, el desarrollo de herramientas de control y visualización de datos, y liderarás una iniciativa de mejora sobre un KPI del proceso de elaboración.;Calle 10 # 38-280, Barranquillita, Barranquilla;;
1048264316;LAURA VALENTINA SANDOVAL ORTIZ;Brewing & Quality Cervecería de Barranquilla;sandovalortizlauravalentina@gmail.com; 324 2183271;22 de octubre de 2026;12:30 p.m. a 5:00 p.m.;Apoyarás al área de Brewing & Quality de la Cervecería de Barranquilla en el seguimiento y análisis de indicadores de consumo de agua, consumo de químicos y desempeño de los procesos CIP, el desarrollo de herramientas de control y visualización de datos, y liderarás una iniciativa de mejora sobre un KPI del proceso de elaboración.;Calle 10 # 38-280, Barranquillita, Barranquilla;;
1031806915;Liseth Dayana Fajardo Mejia;Calidad Cervecería de Tocancipá;dayafame26@gmail.com;312 5091792;Por confirmar;Por confirmar;Apoyarás al área de Calidad de la Cervecería de Tocancipá en la implementación de sistemas automáticos (CORE) para la ejecución digital de las políticas de calidad y control de proceso, la ejecución de ensayos fisicoquímicos y microbiológicos, y el análisis de resultados, el control de indicadores de calidad y la gestión documental.;Autopista Norte Km 30, vía Tocancipá, Cundinamarca;;
1034276263;Juana Camila Camacho Murcia;Calidad Cervecería de Tocancipá;jucamu26@gmail.com; 324 3928424;Por confirmar;Por confirmar;Apoyarás al área de Calidad de la Cervecería de Tocancipá en la implementación de sistemas automáticos (CORE) para la ejecución digital de las políticas de calidad y control de proceso, la ejecución de ensayos fisicoquímicos y microbiológicos, y el análisis de resultados, el control de indicadores de calidad y la gestión documental.;Autopista Norte Km 30, vía Tocancipá, Cundinamarca;;
1000698418;Emily Oppenheim Chiriboga;Calidad Cervecería de Tocancipá;emmioppen@gmail.com;3112717077;Por confirmar;Por confirmar;Apoyarás al área de Calidad de la Cervecería de Tocancipá en la implementación de sistemas automáticos (CORE) para la ejecución digital de las políticas de calidad y control de proceso, la ejecución de ensayos fisicoquímicos y microbiológicos, y el análisis de resultados, el control de indicadores de calidad y la gestión documental.;Autopista Norte Km 30, vía Tocancipá, Cundinamarca;;
1116612016;Danna Sofia Chaparro Barrera;Calidad Cervecería de Tocancipá;dachaparrob@unal.edu.co; 310 3244082;Por confirmar;Por confirmar;Apoyarás al área de Calidad de la Cervecería de Tocancipá en la implementación de sistemas automáticos (CORE) para la ejecución digital de las políticas de calidad y control de proceso, la ejecución de ensayos fisicoquímicos y microbiológicos, y el análisis de resultados, el control de indicadores de calidad y la gestión documental.;Autopista Norte Km 30, vía Tocancipá, Cundinamarca;;
1000159919;Tatiana Aguilera;Calidad Cervecería de Tocancipá;tatisagui.0318@gmail.com; 310 6843734;Por confirmar;Por confirmar;Apoyarás al área de Calidad de la Cervecería de Tocancipá en la implementación de sistemas automáticos (CORE) para la ejecución digital de las políticas de calidad y control de proceso, la ejecución de ensayos fisicoquímicos y microbiológicos, y el análisis de resultados, el control de indicadores de calidad y la gestión documental.;Autopista Norte Km 30, vía Tocancipá, Cundinamarca;;
1005849189;Laura Michell Ñustes Ortiz;Calidad Cervecería de Tocancipá;lauritamich15@gmail.com; 304 4262137;Por confirmar;Por confirmar;Apoyarás al área de Calidad de la Cervecería de Tocancipá en la implementación de sistemas automáticos (CORE) para la ejecución digital de las políticas de calidad y control de proceso, la ejecución de ensayos fisicoquímicos y microbiológicos, y el análisis de resultados, el control de indicadores de calidad y la gestión documental.;Autopista Norte Km 30, vía Tocancipá, Cundinamarca;;
1097783237;Karen Mosquera;Calidad Cervecería de Tocancipá;mosquerakarenksmh@gmail.com; 315 6794059;Por confirmar;Por confirmar;Apoyarás al área de Calidad de la Cervecería de Tocancipá en la implementación de sistemas automáticos (CORE) para la ejecución digital de las políticas de calidad y control de proceso, la ejecución de ensayos fisicoquímicos y microbiológicos, y el análisis de resultados, el control de indicadores de calidad y la gestión documental.;Autopista Norte Km 30, vía Tocancipá, Cundinamarca;;
1034777926;Sara Juliana Medina López;Calidad Cervecería de Tocancipá;s.julianamedina.l@gmail.com; 310 5968649;Por confirmar;Por confirmar;Apoyarás al área de Calidad de la Cervecería de Tocancipá en la implementación de sistemas automáticos (CORE) para la ejecución digital de las políticas de calidad y control de proceso, la ejecución de ensayos fisicoquímicos y microbiológicos, y el análisis de resultados, el control de indicadores de calidad y la gestión documental.;Autopista Norte Km 30, vía Tocancipá, Cundinamarca;;
1003908604;Leidy Juliana Jaramillo Monroy;Calidad Cervecería de Tocancipá;cjjaramillod_3@hotmail.com;316 3164613;Por confirmar;Por confirmar;Apoyarás al área de Calidad de la Cervecería de Tocancipá en la implementación de sistemas automáticos (CORE) para la ejecución digital de las políticas de calidad y control de proceso, la ejecución de ensayos fisicoquímicos y microbiológicos, y el análisis de resultados, el control de indicadores de calidad y la gestión documental.;Autopista Norte Km 30, vía Tocancipá, Cundinamarca;;
1054543116;Juan David Salgado Hernandez;Calidad Cervecería de Tocancipá;juan.salgado1@utp.edu.co; 301 6260541;Por confirmar;Por confirmar;Apoyarás al área de Calidad de la Cervecería de Tocancipá en la implementación de sistemas automáticos (CORE) para la ejecución digital de las políticas de calidad y control de proceso, la ejecución de ensayos fisicoquímicos y microbiológicos, y el análisis de resultados, el control de indicadores de calidad y la gestión documental.;Autopista Norte Km 30, vía Tocancipá, Cundinamarca;;
1126965198;Melissa Andrea Londoño Poveda;Calidad Cervecería del Valle;londonomelissa16@gmail.com; 305 3309565;14 de octubre de 2026;7:30 a.m. a 12:00 p.m.;Apoyarás a la gerencia de Calidad de la Cervecería del Valle, con enfoque en el área de elaboración, en el aseguramiento de las condiciones adecuadas para la fabricación de cerveza, el desarrollo de un proyecto del área y el apoyo a las actividades rutinarias de la gerencia, aplicando tu manejo de Excel.;Calle 15 # 25A-37, Autopista Norte Km 4, Cali;;
1058932795;Juan David Ruiz Múnera;Calidad Cervecería del Valle;juanruizm@unicauca.edu.co; 304 4167324;14 de octubre de 2026;7:30 a.m. a 12:00 p.m.;Apoyarás a la gerencia de Calidad de la Cervecería del Valle, con enfoque en el área de elaboración, en el aseguramiento de las condiciones adecuadas para la fabricación de cerveza, el desarrollo de un proyecto del área y el apoyo a las actividades rutinarias de la gerencia, aplicando tu manejo de Excel.;Calle 15 # 25A-37, Autopista Norte Km 4, Cali;;
1081053547;Lina María Montenegro Arturo;Calidad Cervecería del Valle;linamontenegro1602@gmail.com; 321 8059557;14 de octubre de 2026;7:30 a.m. a 12:00 p.m.;Apoyarás a la gerencia de Calidad de la Cervecería del Valle, con enfoque en el área de elaboración, en el aseguramiento de las condiciones adecuadas para la fabricación de cerveza, el desarrollo de un proyecto del área y el apoyo a las actividades rutinarias de la gerencia, aplicando tu manejo de Excel.;Calle 15 # 25A-37, Autopista Norte Km 4, Cali;;
1105360307;Laura Sofía Hernández Castaño;Calidad Cervecería del Valle;1105360307@u.icesi.edu.co; 322 5690748;14 de octubre de 2026;7:30 a.m. a 12:00 p.m.;Apoyarás a la gerencia de Calidad de la Cervecería del Valle, con enfoque en el área de elaboración, en el aseguramiento de las condiciones adecuadas para la fabricación de cerveza, el desarrollo de un proyecto del área y el apoyo a las actividades rutinarias de la gerencia, aplicando tu manejo de Excel.;Calle 15 # 25A-37, Autopista Norte Km 4, Cali;;
1107835167;Santiago Tamayo Quevedo;Calidad Cervecería del Valle;santiago.tamayo3103@gmail.com; 315 8084417;14 de octubre de 2026;7:30 a.m. a 12:00 p.m.;Apoyarás a la gerencia de Calidad de la Cervecería del Valle, con enfoque en el área de elaboración, en el aseguramiento de las condiciones adecuadas para la fabricación de cerveza, el desarrollo de un proyecto del área y el apoyo a las actividades rutinarias de la gerencia, aplicando tu manejo de Excel.;Calle 15 # 25A-37, Autopista Norte Km 4, Cali;;
1109559936;Stefania Molina Amaya;Calidad Cervecería del Valle;stefaniamolinaamaya28@gmail.com;3152004140;14 de octubre de 2026;7:30 a.m. a 12:00 p.m.;Apoyarás a la gerencia de Calidad de la Cervecería del Valle, con enfoque en el área de elaboración, en el aseguramiento de las condiciones adecuadas para la fabricación de cerveza, el desarrollo de un proyecto del área y el apoyo a las actividades rutinarias de la gerencia, aplicando tu manejo de Excel.;Calle 15 # 25A-37, Autopista Norte Km 4, Cali;;
1113152043;John Edinson Agredo Muñoz;Calidad Cervecería del Valle;johnagredo@outlook.com;3127386690;14 de octubre de 2026;7:30 a.m. a 12:00 p.m.;Apoyarás a la gerencia de Calidad de la Cervecería del Valle, con enfoque en el área de elaboración, en el aseguramiento de las condiciones adecuadas para la fabricación de cerveza, el desarrollo de un proyecto del área y el apoyo a las actividades rutinarias de la gerencia, aplicando tu manejo de Excel.;Calle 15 # 25A-37, Autopista Norte Km 4, Cali;;
1108558815;Danna Sofia Hoyos Jaramillo;Calidad Cervecería del Valle;dannaso04@gmail.com;3157699360;14 de octubre de 2026;7:30 a.m. a 12:00 p.m.;Apoyarás a la gerencia de Calidad de la Cervecería del Valle, con enfoque en el área de elaboración, en el aseguramiento de las condiciones adecuadas para la fabricación de cerveza, el desarrollo de un proyecto del área y el apoyo a las actividades rutinarias de la gerencia, aplicando tu manejo de Excel.;Calle 15 # 25A-37, Autopista Norte Km 4, Cali;;
1193249727;JUAN GUEVARA;Calidad Cervecería del Valle;juan.camilo@correounivalle.edu.co; 310 4297075;14 de octubre de 2026;7:30 a.m. a 12:00 p.m.;Apoyarás a la gerencia de Calidad de la Cervecería del Valle, con enfoque en el área de elaboración, en el aseguramiento de las condiciones adecuadas para la fabricación de cerveza, el desarrollo de un proyecto del área y el apoyo a las actividades rutinarias de la gerencia, aplicando tu manejo de Excel.;Calle 15 # 25A-37, Autopista Norte Km 4, Cali;;
1110283459;LINA GISELLE JARAMILLO ORTIZ;Calidad Supply Indugral;lina.giselle.jaramillo@correounivalle.edu.co; 320 2205129;15 de octubre de 2026;12:30 p.m. a 4:00 p.m.;Apoyarás a la gerencia de Calidad de Indugral (Yumbo) en las corridas de proyecto de control de calidad para mejorar los procesos productivos, la revisión del cumplimiento de parámetros junto al equipo de analistas, las actividades de metrología y las auditorías de PTS en las diferentes áreas del proceso productivo.;Vía Yumbo–Aeropuerto, Zona Franca del Pacífico, Manzana H, Lotes 5, 6 y 7, Yumbo, Valle del Cauca;;
1085896222;Juan Coral Tulcan;Calidad Supply Indugral;coraltulcanjuancarlos@gmail.com; 318 4101038;15 de octubre de 2026;12:30 p.m. a 4:00 p.m.;Apoyarás a la gerencia de Calidad de Indugral (Yumbo) en las corridas de proyecto de control de calidad para mejorar los procesos productivos, la revisión del cumplimiento de parámetros junto al equipo de analistas, las actividades de metrología y las auditorías de PTS en las diferentes áreas del proceso productivo.;Vía Yumbo–Aeropuerto, Zona Franca del Pacífico, Manzana H, Lotes 5, 6 y 7, Yumbo, Valle del Cauca;;
1021394536;Natalia Gómez Cortés;Calidad Supply Indugral;ngomezcortes735@gmail.com; 311 2165948;15 de octubre de 2026;12:30 p.m. a 4:00 p.m.;Apoyarás a la gerencia de Calidad de Indugral (Yumbo) en las corridas de proyecto de control de calidad para mejorar los procesos productivos, la revisión del cumplimiento de parámetros junto al equipo de analistas, las actividades de metrología y las auditorías de PTS en las diferentes áreas del proceso productivo.;Vía Yumbo–Aeropuerto, Zona Franca del Pacífico, Manzana H, Lotes 5, 6 y 7, Yumbo, Valle del Cauca;;
1193069331;Andrés Felipe Herrera Velasco;Calidad Supply Indugral;a.f.herrera2003@gmail.com;304 6145800;15 de octubre de 2026;12:30 p.m. a 4:00 p.m.;Apoyarás a la gerencia de Calidad de Indugral (Yumbo) en las corridas de proyecto de control de calidad para mejorar los procesos productivos, la revisión del cumplimiento de parámetros junto al equipo de analistas, las actividades de metrología y las auditorías de PTS en las diferentes áreas del proceso productivo.;Vía Yumbo–Aeropuerto, Zona Franca del Pacífico, Manzana H, Lotes 5, 6 y 7, Yumbo, Valle del Cauca;;
1117013881;Laura Sofía Garcia Patiño;Calidad Supply Indugral;garcialaurasofia0@gmail.com; 322 6378982;15 de octubre de 2026;12:30 p.m. a 4:00 p.m.;Apoyarás a la gerencia de Calidad de Indugral (Yumbo) en las corridas de proyecto de control de calidad para mejorar los procesos productivos, la revisión del cumplimiento de parámetros junto al equipo de analistas, las actividades de metrología y las auditorías de PTS en las diferentes áreas del proceso productivo.;Vía Yumbo–Aeropuerto, Zona Franca del Pacífico, Manzana H, Lotes 5, 6 y 7, Yumbo, Valle del Cauca;;
1083752386;Nathalia Stephanie Caez Daza;Calidad Supply Indugral;nathalia.caez@correounivalle.edu.co; 300 7487102;15 de octubre de 2026;12:30 p.m. a 4:00 p.m.;Apoyarás a la gerencia de Calidad de Indugral (Yumbo) en las corridas de proyecto de control de calidad para mejorar los procesos productivos, la revisión del cumplimiento de parámetros junto al equipo de analistas, las actividades de metrología y las auditorías de PTS en las diferentes áreas del proceso productivo.;Vía Yumbo–Aeropuerto, Zona Franca del Pacífico, Manzana H, Lotes 5, 6 y 7, Yumbo, Valle del Cauca;;
1109665069;Nicol Dayan Pinzón Astaiza;Calidad Supply Indugral;nicold.astaiza@gmail.com;3144784547;15 de octubre de 2026;12:30 p.m. a 4:00 p.m.;Apoyarás a la gerencia de Calidad de Indugral (Yumbo) en las corridas de proyecto de control de calidad para mejorar los procesos productivos, la revisión del cumplimiento de parámetros junto al equipo de analistas, las actividades de metrología y las auditorías de PTS en las diferentes áreas del proceso productivo.;Vía Yumbo–Aeropuerto, Zona Franca del Pacífico, Manzana H, Lotes 5, 6 y 7, Yumbo, Valle del Cauca;;
1005784074;Natalia Osorio Henao;Calidad Supply Indugral;nataliahenao0527@gmail.com; 300 5568536;15 de octubre de 2026;12:30 p.m. a 4:00 p.m.;Apoyarás a la gerencia de Calidad de Indugral (Yumbo) en las corridas de proyecto de control de calidad para mejorar los procesos productivos, la revisión del cumplimiento de parámetros junto al equipo de analistas, las actividades de metrología y las auditorías de PTS en las diferentes áreas del proceso productivo.;Vía Yumbo–Aeropuerto, Zona Franca del Pacífico, Manzana H, Lotes 5, 6 y 7, Yumbo, Valle del Cauca;;
1006053135;Brandon Steven Ocampo López;Calidad Supply Indugral;ocampob2003@gmail.com; 318 5139065;15 de octubre de 2026;12:30 p.m. a 4:00 p.m.;Apoyarás a la gerencia de Calidad de Indugral (Yumbo) en las corridas de proyecto de control de calidad para mejorar los procesos productivos, la revisión del cumplimiento de parámetros junto al equipo de analistas, las actividades de metrología y las auditorías de PTS en las diferentes áreas del proceso productivo.;Vía Yumbo–Aeropuerto, Zona Franca del Pacífico, Manzana H, Lotes 5, 6 y 7, Yumbo, Valle del Cauca;;
1004419222;PAULA CAMILA ORTIZ GALINDEZ;Calidad Supply Indugral;cami188ortiz@gmail.com; 317 1662760;15 de octubre de 2026;12:30 p.m. a 4:00 p.m.;Apoyarás a la gerencia de Calidad de Indugral (Yumbo) en las corridas de proyecto de control de calidad para mejorar los procesos productivos, la revisión del cumplimiento de parámetros junto al equipo de analistas, las actividades de metrología y las auditorías de PTS en las diferentes áreas del proceso productivo.;Vía Yumbo–Aeropuerto, Zona Franca del Pacífico, Manzana H, Lotes 5, 6 y 7, Yumbo, Valle del Cauca;;
1001091599;Erick Santiago Cortes Laiton;Canal moderno (KA);ercortes@unal.edu.co; 300 8829579;14 de octubre de 2026;1:30 p.m. a 5:30 p.m.;Apoyarás al equipo de Trade Marketing de Canal Moderno (Key Accounts) en el seguimiento del presupuesto, el seguimiento a la estrategia de ejecución en las cadenas y el control administrativo de la ejecución, aprendiendo sobre la comunicación con las cadenas y el planteamiento de estrategias comerciales para el canal.;Carrera 53A # 127-35, Bogotá;;
1112390266;Maria Salome Valencia Gonzalez;Canal moderno (KA);masavago06@gmail.com; 316 7886666;14 de octubre de 2026;1:30 p.m. a 5:30 p.m.;Apoyarás al equipo de Trade Marketing de Canal Moderno (Key Accounts) en el seguimiento del presupuesto, el seguimiento a la estrategia de ejecución en las cadenas y el control administrativo de la ejecución, aprendiendo sobre la comunicación con las cadenas y el planteamiento de estrategias comerciales para el canal.;Carrera 53A # 127-35, Bogotá;;
1011090066;María Alejandra Parra Cárdenas;Canal moderno (KA);alejandraparracard@gmail.com; 321 9095151;14 de octubre de 2026;1:30 p.m. a 5:30 p.m.;Apoyarás al equipo de Trade Marketing de Canal Moderno (Key Accounts) en el seguimiento del presupuesto, el seguimiento a la estrategia de ejecución en las cadenas y el control administrativo de la ejecución, aprendiendo sobre la comunicación con las cadenas y el planteamiento de estrategias comerciales para el canal.;Carrera 53A # 127-35, Bogotá;;
1000503044;Hernando Ignacio Vega Gouffray;Canal moderno (KA);ignacio.vega.gouffray@gmail.com; 316 6197879;14 de octubre de 2026;1:30 p.m. a 5:30 p.m.;Apoyarás al equipo de Trade Marketing de Canal Moderno (Key Accounts) en el seguimiento del presupuesto, el seguimiento a la estrategia de ejecución en las cadenas y el control administrativo de la ejecución, aprendiendo sobre la comunicación con las cadenas y el planteamiento de estrategias comerciales para el canal.;Carrera 53A # 127-35, Bogotá;;
1013260058;Sofía Ramírez De Lavalle;Canal moderno (KA);sofiaramirezdelavalle27@gmail.com;3002356621;14 de octubre de 2026;1:30 p.m. a 5:30 p.m.;Apoyarás al equipo de Trade Marketing de Canal Moderno (Key Accounts) en el seguimiento del presupuesto, el seguimiento a la estrategia de ejecución en las cadenas y el control administrativo de la ejecución, aprendiendo sobre la comunicación con las cadenas y el planteamiento de estrategias comerciales para el canal.;Carrera 53A # 127-35, Bogotá;;
1076241425;Juan David Murillo Gonzalez;Canal moderno (KA);juandmurillog06@gmail.com; 321 3063282;14 de octubre de 2026;1:30 p.m. a 5:30 p.m.;Apoyarás al equipo de Trade Marketing de Canal Moderno (Key Accounts) en el seguimiento del presupuesto, el seguimiento a la estrategia de ejecución en las cadenas y el control administrativo de la ejecución, aprendiendo sobre la comunicación con las cadenas y el planteamiento de estrategias comerciales para el canal.;Carrera 53A # 127-35, Bogotá;;
1051066730;Daniela Galán Muñoz;Canal moderno (KA);danigalan1805@gmail.com; 322 9448422;14 de octubre de 2026;1:30 p.m. a 5:30 p.m.;Apoyarás al equipo de Trade Marketing de Canal Moderno (Key Accounts) en el seguimiento del presupuesto, el seguimiento a la estrategia de ejecución en las cadenas y el control administrativo de la ejecución, aprendiendo sobre la comunicación con las cadenas y el planteamiento de estrategias comerciales para el canal.;Carrera 53A # 127-35, Bogotá;;
1031809430;Valeria Rojas Mora;Canal moderno (KA);valeriarojasmora2@gmail.com; 322 2237039;14 de octubre de 2026;1:30 p.m. a 5:30 p.m.;Apoyarás al equipo de Trade Marketing de Canal Moderno (Key Accounts) en el seguimiento del presupuesto, el seguimiento a la estrategia de ejecución en las cadenas y el control administrativo de la ejecución, aprendiendo sobre la comunicación con las cadenas y el planteamiento de estrategias comerciales para el canal.;Carrera 53A # 127-35, Bogotá;;
1011320707;Sara Córdoba Maichel;Canal moderno (KA);saracordobam4@gmail.com;0;14 de octubre de 2026;1:30 p.m. a 5:30 p.m.;Apoyarás al equipo de Trade Marketing de Canal Moderno (Key Accounts) en el seguimiento del presupuesto, el seguimiento a la estrategia de ejecución en las cadenas y el control administrativo de la ejecución, aprendiendo sobre la comunicación con las cadenas y el planteamiento de estrategias comerciales para el canal.;Carrera 53A # 127-35, Bogotá;;
1042243518;Erika Cure;Canal moderno (KA);erikacure12@gmail.com; 321 7794626;14 de octubre de 2026;1:30 p.m. a 5:30 p.m.;Apoyarás al equipo de Trade Marketing de Canal Moderno (Key Accounts) en el seguimiento del presupuesto, el seguimiento a la estrategia de ejecución en las cadenas y el control administrativo de la ejecución, aprendiendo sobre la comunicación con las cadenas y el planteamiento de estrategias comerciales para el canal.;Carrera 53A # 127-35, Bogotá;;
1029500104;Andrea Vélez Fernández;Canal moderno (KA);andrevelezf@gmail.com;302 3029042;14 de octubre de 2026;1:30 p.m. a 5:30 p.m.;Apoyarás al equipo de Trade Marketing de Canal Moderno (Key Accounts) en el seguimiento del presupuesto, el seguimiento a la estrategia de ejecución en las cadenas y el control administrativo de la ejecución, aprendiendo sobre la comunicación con las cadenas y el planteamiento de estrategias comerciales para el canal.;Carrera 53A # 127-35, Bogotá;;
1021664400;Sara Camila Herrera Amarillo;Canal moderno (KA);sara.herrera08@outlook.es;3115317009;14 de octubre de 2026;1:30 p.m. a 5:30 p.m.;Apoyarás al equipo de Trade Marketing de Canal Moderno (Key Accounts) en el seguimiento del presupuesto, el seguimiento a la estrategia de ejecución en las cadenas y el control administrativo de la ejecución, aprendiendo sobre la comunicación con las cadenas y el planteamiento de estrategias comerciales para el canal.;Carrera 53A # 127-35, Bogotá;;
1025060647;Antonia Sampedro;Channel Strategy and Performance (BEES);antosampedro31@gmail.com; 310 2914103;14 de octubre de 2026;1:30 p.m. a 5:30 p.m.;Apoyarás al equipo de Channel Strategy and Performance en el manejo y descarga de bases de datos, el seguimiento al performance de las campañas realizadas en la plataforma BEES y el análisis y cargue de estrategias comerciales por segmentación de clientes y marcas, además del soporte a la plataforma.;Carrera 53A # 127-35, Bogotá;;
1034399810;Natalia Lizarazo;Channel Strategy and Performance (BEES);natalia.lizarazo.lopez@gmail.com;0;14 de octubre de 2026;1:30 p.m. a 5:30 p.m.;Apoyarás al equipo de Channel Strategy and Performance en el manejo y descarga de bases de datos, el seguimiento al performance de las campañas realizadas en la plataforma BEES y el análisis y cargue de estrategias comerciales por segmentación de clientes y marcas, además del soporte a la plataforma.;Carrera 53A # 127-35, Bogotá;;
1000502600;Douglas Plazas Guzman;Channel Strategy and Performance (BEES);douglas.plazasg@gmail.com;310 4683903;14 de octubre de 2026;1:30 p.m. a 5:30 p.m.;Apoyarás al equipo de Channel Strategy and Performance en el manejo y descarga de bases de datos, el seguimiento al performance de las campañas realizadas en la plataforma BEES y el análisis y cargue de estrategias comerciales por segmentación de clientes y marcas, además del soporte a la plataforma.;Carrera 53A # 127-35, Bogotá;;
1048064512;Isabel Juliao;Channel Strategy and Performance (BEES);i.juliao@uniandes.edu.co;3008056207;14 de octubre de 2026;1:30 p.m. a 5:30 p.m.;Apoyarás al equipo de Channel Strategy and Performance en el manejo y descarga de bases de datos, el seguimiento al performance de las campañas realizadas en la plataforma BEES y el análisis y cargue de estrategias comerciales por segmentación de clientes y marcas, además del soporte a la plataforma.;Carrera 53A # 127-35, Bogotá;;
1126430889;Jairo Amaya Celis;Channel Strategy and Performance (BEES);jairoeamayac@javeriana.edu.co; 302 8361979;14 de octubre de 2026;1:30 p.m. a 5:30 p.m.;Apoyarás al equipo de Channel Strategy and Performance en el manejo y descarga de bases de datos, el seguimiento al performance de las campañas realizadas en la plataforma BEES y el análisis y cargue de estrategias comerciales por segmentación de clientes y marcas, además del soporte a la plataforma.;Carrera 53A # 127-35, Bogotá;;
1034286689;Veronica Grau;Channel Strategy and Performance (BEES);grauveronica033@gmail.com; 318 3239712;14 de octubre de 2026;1:30 p.m. a 5:30 p.m.;Apoyarás al equipo de Channel Strategy and Performance en el manejo y descarga de bases de datos, el seguimiento al performance de las campañas realizadas en la plataforma BEES y el análisis y cargue de estrategias comerciales por segmentación de clientes y marcas, además del soporte a la plataforma.;Carrera 53A # 127-35, Bogotá;;
1001191913;Isabella Forero;Channel Strategy and Performance (BEES);isabellaforero0210@outlook.com; 304 4266492;14 de octubre de 2026;1:30 p.m. a 5:30 p.m.;Apoyarás al equipo de Channel Strategy and Performance en el manejo y descarga de bases de datos, el seguimiento al performance de las campañas realizadas en la plataforma BEES y el análisis y cargue de estrategias comerciales por segmentación de clientes y marcas, además del soporte a la plataforma.;Carrera 53A # 127-35, Bogotá;;
1081272015;Juan Felipe Rodríguez De Los Rios;Channel Strategy and Performance (BEES);juanferodriguez32@gmail.com; 312 7048442;14 de octubre de 2026;1:30 p.m. a 5:30 p.m.;Apoyarás al equipo de Channel Strategy and Performance en el manejo y descarga de bases de datos, el seguimiento al performance de las campañas realizadas en la plataforma BEES y el análisis y cargue de estrategias comerciales por segmentación de clientes y marcas, además del soporte a la plataforma.;Carrera 53A # 127-35, Bogotá;;
1000796156;Daniel Felipe Ladino Torres;Channel Strategy and Performance (BEES);daniel.felipe.ladino@gmail.com;3175756956;14 de octubre de 2026;1:30 p.m. a 5:30 p.m.;Apoyarás al equipo de Channel Strategy and Performance en el manejo y descarga de bases de datos, el seguimiento al performance de las campañas realizadas en la plataforma BEES y el análisis y cargue de estrategias comerciales por segmentación de clientes y marcas, además del soporte a la plataforma.;Carrera 53A # 127-35, Bogotá;;
1025061418;Catalina Ochoa Dueñas;Channel Strategy and Performance (BEES);cataochoad300@gmail.com; 322 2444642;14 de octubre de 2026;1:30 p.m. a 5:30 p.m.;Apoyarás al equipo de Channel Strategy and Performance en el manejo y descarga de bases de datos, el seguimiento al performance de las campañas realizadas en la plataforma BEES y el análisis y cargue de estrategias comerciales por segmentación de clientes y marcas, además del soporte a la plataforma.;Carrera 53A # 127-35, Bogotá;;
1092455070;Mateo Rojas Corrales;Channel Strategy and Performance (BEES);mateorojas270@gmail.com; 301 7846892;14 de octubre de 2026;1:30 p.m. a 5:30 p.m.;Apoyarás al equipo de Channel Strategy and Performance en el manejo y descarga de bases de datos, el seguimiento al performance de las campañas realizadas en la plataforma BEES y el análisis y cargue de estrategias comerciales por segmentación de clientes y marcas, además del soporte a la plataforma.;Carrera 53A # 127-35, Bogotá;;
1000612606;Juliana Manrique Monroy;Channel Strategy and Performance (BEES);julim2702@gmail.com; 316 2325718;14 de octubre de 2026;1:30 p.m. a 5:30 p.m.;Apoyarás al equipo de Channel Strategy and Performance en el manejo y descarga de bases de datos, el seguimiento al performance de las campañas realizadas en la plataforma BEES y el análisis y cargue de estrategias comerciales por segmentación de clientes y marcas, además del soporte a la plataforma.;Carrera 53A # 127-35, Bogotá;;
1007475387;Ana María Beltrán Sáenz;Compensación y beneficios;anamariabeltransaenz02@gmail.com; 313 3019024;14 de octubre de 2026;7:30 a.m. a 11:30 a.m.;Apoyarás al equipo de Compensación y Beneficios (Rewards) en el análisis de incrementos y ajustes salariales, la proyección de bonos, la creación de maestras de costos, el manejo de convenios y la planeación de ferias de beneficios, manejando la información con alta confidencialidad y buscando oportunidades de mejora.;Carrera 53A # 127-35, Bogotá;;
1070596087;BRAYAN STEVEN JARAMILLO MORENO;Compensación y beneficios;brayanjaramillo_05@hotmail.com;3136370565;14 de octubre de 2026;7:30 a.m. a 11:30 a.m.;Apoyarás al equipo de Compensación y Beneficios (Rewards) en el análisis de incrementos y ajustes salariales, la proyección de bonos, la creación de maestras de costos, el manejo de convenios y la planeación de ferias de beneficios, manejando la información con alta confidencialidad y buscando oportunidades de mejora.;Carrera 53A # 127-35, Bogotá;;
1023369712;Karen Sofia Gonzalez Sanchez;Compensación y beneficios;karengonzalezk158@gmail.com;3108828777;14 de octubre de 2026;7:30 a.m. a 11:30 a.m.;Apoyarás al equipo de Compensación y Beneficios (Rewards) en el análisis de incrementos y ajustes salariales, la proyección de bonos, la creación de maestras de costos, el manejo de convenios y la planeación de ferias de beneficios, manejando la información con alta confidencialidad y buscando oportunidades de mejora.;Carrera 53A # 127-35, Bogotá;;
1029141596;Michael Lozano;Compensación y beneficios;maikivilla908@gmail.com;3102656668;14 de octubre de 2026;7:30 a.m. a 11:30 a.m.;Apoyarás al equipo de Compensación y Beneficios (Rewards) en el análisis de incrementos y ajustes salariales, la proyección de bonos, la creación de maestras de costos, el manejo de convenios y la planeación de ferias de beneficios, manejando la información con alta confidencialidad y buscando oportunidades de mejora.;Carrera 53A # 127-35, Bogotá;;
1013036270;Juanita Moreno Vargas;Compensación y beneficios;juanita.morenov@urosario.edu.co;301 6701913;14 de octubre de 2026;7:30 a.m. a 11:30 a.m.;Apoyarás al equipo de Compensación y Beneficios (Rewards) en el análisis de incrementos y ajustes salariales, la proyección de bonos, la creación de maestras de costos, el manejo de convenios y la planeación de ferias de beneficios, manejando la información con alta confidencialidad y buscando oportunidades de mejora.;Carrera 53A # 127-35, Bogotá;;
1000835394;Daniela Fernández Gómez;Compensación y beneficios;danielafernandezg1220@gmail.com;3115472685;14 de octubre de 2026;7:30 a.m. a 11:30 a.m.;Apoyarás al equipo de Compensación y Beneficios (Rewards) en el análisis de incrementos y ajustes salariales, la proyección de bonos, la creación de maestras de costos, el manejo de convenios y la planeación de ferias de beneficios, manejando la información con alta confidencialidad y buscando oportunidades de mejora.;Carrera 53A # 127-35, Bogotá;;
1027525480;Juan David Jerónimo González;Compensación y beneficios;juanjeronimo1508@gmail.com; 324 4326262;14 de octubre de 2026;7:30 a.m. a 11:30 a.m.;Apoyarás al equipo de Compensación y Beneficios (Rewards) en el análisis de incrementos y ajustes salariales, la proyección de bonos, la creación de maestras de costos, el manejo de convenios y la planeación de ferias de beneficios, manejando la información con alta confidencialidad y buscando oportunidades de mejora.;Carrera 53A # 127-35, Bogotá;;
1097782112;Ana Sofía Ararat Corzo;Compensación y beneficios;sofiaararat2@gmail.com; 318 3068387;14 de octubre de 2026;7:30 a.m. a 11:30 a.m.;Apoyarás al equipo de Compensación y Beneficios (Rewards) en el análisis de incrementos y ajustes salariales, la proyección de bonos, la creación de maestras de costos, el manejo de convenios y la planeación de ferias de beneficios, manejando la información con alta confidencialidad y buscando oportunidades de mejora.;Carrera 53A # 127-35, Bogotá;;
1119394634;MARIA ANGELICA ALZATE BALLESTEROS;Compensación y beneficios;marialzateballesteros123@gmail.com;3005253020;14 de octubre de 2026;7:30 a.m. a 11:30 a.m.;Apoyarás al equipo de Compensación y Beneficios (Rewards) en el análisis de incrementos y ajustes salariales, la proyección de bonos, la creación de maestras de costos, el manejo de convenios y la planeación de ferias de beneficios, manejando la información con alta confidencialidad y buscando oportunidades de mejora.;Carrera 53A # 127-35, Bogotá;;
1021664406;Nicol Valentina Montes Arcila;Compensación y beneficios;valemontes2004@outlook.es; 321 4013423;14 de octubre de 2026;7:30 a.m. a 11:30 a.m.;Apoyarás al equipo de Compensación y Beneficios (Rewards) en el análisis de incrementos y ajustes salariales, la proyección de bonos, la creación de maestras de costos, el manejo de convenios y la planeación de ferias de beneficios, manejando la información con alta confidencialidad y buscando oportunidades de mejora.;Carrera 53A # 127-35, Bogotá;;
1021633586;Sofia Suarez Martinez;Compensación y beneficios;sofsuarez26@gmail.com; 310 7078253;14 de octubre de 2026;7:30 a.m. a 11:30 a.m.;Apoyarás al equipo de Compensación y Beneficios (Rewards) en el análisis de incrementos y ajustes salariales, la proyección de bonos, la creación de maestras de costos, el manejo de convenios y la planeación de ferias de beneficios, manejando la información con alta confidencialidad y buscando oportunidades de mejora.;Carrera 53A # 127-35, Bogotá;;
1192748874;Lizeth Tatiana Rodriguez Castaneda;Compras (Procurement PPM Reporting);lrodriguezcas@unal.edu.co; 322 2115510;14 de octubre de 2026;7:30 a.m. a 11:30 a.m.;Apoyarás al equipo de Procurement en la contabilización de cuentas por pagar (payables), el cálculo de impactos por tasa de cambio (FX) y el seguimiento al spend y a los términos de pago por categoría y proveedor, además de la actualización de información de proveedores y la elaboración de reportes del área.;Carrera 53A # 127-35, Bogotá;;
1002760191;Gabriela Fernanda Viasus Castro;Compras (Procurement PPM Reporting);viasusgabriela205@gmail.com; 310 7613100;14 de octubre de 2026;7:30 a.m. a 11:30 a.m.;Apoyarás al equipo de Procurement en la contabilización de cuentas por pagar (payables), el cálculo de impactos por tasa de cambio (FX) y el seguimiento al spend y a los términos de pago por categoría y proveedor, además de la actualización de información de proveedores y la elaboración de reportes del área.;Carrera 53A # 127-35, Bogotá;;
1013036295;Mauricio Márquez Aristizábal;Compras (Procurement PPM Reporting);maomarquez2004@gmail.com; 320 3014062;14 de octubre de 2026;7:30 a.m. a 11:30 a.m.;Apoyarás al equipo de Procurement en la contabilización de cuentas por pagar (payables), el cálculo de impactos por tasa de cambio (FX) y el seguimiento al spend y a los términos de pago por categoría y proveedor, además de la actualización de información de proveedores y la elaboración de reportes del área.;Carrera 53A # 127-35, Bogotá;;
1013259327;John Alejandro Rosas Guerrero;Compras (Procurement PPM Reporting);johningla15@gmail.com;0;14 de octubre de 2026;7:30 a.m. a 11:30 a.m.;Apoyarás al equipo de Procurement en la contabilización de cuentas por pagar (payables), el cálculo de impactos por tasa de cambio (FX) y el seguimiento al spend y a los términos de pago por categoría y proveedor, además de la actualización de información de proveedores y la elaboración de reportes del área.;Carrera 53A # 127-35, Bogotá;;
1013259681;Valeria Casasbuenas García;Compras (Procurement PPM Reporting);valecasasbuenas@gmail.com; 317 6543024;14 de octubre de 2026;7:30 a.m. a 11:30 a.m.;Apoyarás al equipo de Procurement en la contabilización de cuentas por pagar (payables), el cálculo de impactos por tasa de cambio (FX) y el seguimiento al spend y a los términos de pago por categoría y proveedor, además de la actualización de información de proveedores y la elaboración de reportes del área.;Carrera 53A # 127-35, Bogotá;;
1014479562;Miguel Ángel Casas Zárate;Compras (Procurement PPM Reporting);miguelcaza24@gmail.com; 300 1653749;14 de octubre de 2026;7:30 a.m. a 11:30 a.m.;Apoyarás al equipo de Procurement en la contabilización de cuentas por pagar (payables), el cálculo de impactos por tasa de cambio (FX) y el seguimiento al spend y a los términos de pago por categoría y proveedor, además de la actualización de información de proveedores y la elaboración de reportes del área.;Carrera 53A # 127-35, Bogotá;;
1034779334;Sebastian Casas;Compras (Procurement PPM Reporting);sebastiancasaspoloche@gmail.com; 322 2463206;14 de octubre de 2026;7:30 a.m. a 11:30 a.m.;Apoyarás al equipo de Procurement en la contabilización de cuentas por pagar (payables), el cálculo de impactos por tasa de cambio (FX) y el seguimiento al spend y a los términos de pago por categoría y proveedor, además de la actualización de información de proveedores y la elaboración de reportes del área.;Carrera 53A # 127-35, Bogotá;;
1042243379;Sebastián david Luna gonzalez;Compras (Procurement PPM Reporting);sebasluna2013@gmail.com;3188342981;14 de octubre de 2026;7:30 a.m. a 11:30 a.m.;Apoyarás al equipo de Procurement en la contabilización de cuentas por pagar (payables), el cálculo de impactos por tasa de cambio (FX) y el seguimiento al spend y a los términos de pago por categoría y proveedor, además de la actualización de información de proveedores y la elaboración de reportes del área.;Carrera 53A # 127-35, Bogotá;;
1104545629;JARCNID MONTENEGRO;Compras (Procurement PPM Reporting);jmremisom@ut.edu.co; 313 2658972;14 de octubre de 2026;7:30 a.m. a 11:30 a.m.;Apoyarás al equipo de Procurement en la contabilización de cuentas por pagar (payables), el cálculo de impactos por tasa de cambio (FX) y el seguimiento al spend y a los términos de pago por categoría y proveedor, además de la actualización de información de proveedores y la elaboración de reportes del área.;Carrera 53A # 127-35, Bogotá;;
1070589753;Oto Esteban Rincón Giraldo;Compras (Procurement PPM Reporting);ottorincon0408@gmail.com; 305 4120170;14 de octubre de 2026;7:30 a.m. a 11:30 a.m.;Apoyarás al equipo de Procurement en la contabilización de cuentas por pagar (payables), el cálculo de impactos por tasa de cambio (FX) y el seguimiento al spend y a los términos de pago por categoría y proveedor, además de la actualización de información de proveedores y la elaboración de reportes del área.;Carrera 53A # 127-35, Bogotá;;
1014859846;Alejandro Jesurun Arévalo;Compras (Procurement PPM Reporting);alejandrojesurun94@gmail.com; 317 5558997;14 de octubre de 2026;7:30 a.m. a 11:30 a.m.;Apoyarás al equipo de Procurement en la contabilización de cuentas por pagar (payables), el cálculo de impactos por tasa de cambio (FX) y el seguimiento al spend y a los términos de pago por categoría y proveedor, además de la actualización de información de proveedores y la elaboración de reportes del área.;Carrera 53A # 127-35, Bogotá;;
1007558149;María Juliana Rodríguez Álvarez;Comunicaciones;mariajulianarodriguez2003@gmail.com; 301 4372540;14 de octubre de 2026;1:30 p.m. a 5:30 p.m.;Apoyarás al equipo de Comunicaciones en la producción audiovisual y el diseño gráfico de la compañía, incluyendo animaciones, subtitulación de videos, storyboards, fotografía y podcasts, así como en la gestión de recursos y presupuestos de producción para la comunicación corporativa y de marca.;Carrera 53A # 127-35, Bogotá;;
1027210269;Laura Valentina Franco Segura;Comunicaciones;laurav0193@gmail.com; 322 2350694;14 de octubre de 2026;1:30 p.m. a 5:30 p.m.;Apoyarás al equipo de Comunicaciones en la producción audiovisual y el diseño gráfico de la compañía, incluyendo animaciones, subtitulación de videos, storyboards, fotografía y podcasts, así como en la gestión de recursos y presupuestos de producción para la comunicación corporativa y de marca.;Carrera 53A # 127-35, Bogotá;;
1000365880;Ariana Gómez Pinzón;Comunicaciones;arianasofiagomez19@gmail.com;3508455279;14 de octubre de 2026;1:30 p.m. a 5:30 p.m.;Apoyarás al equipo de Comunicaciones en la producción audiovisual y el diseño gráfico de la compañía, incluyendo animaciones, subtitulación de videos, storyboards, fotografía y podcasts, así como en la gestión de recursos y presupuestos de producción para la comunicación corporativa y de marca.;Carrera 53A # 127-35, Bogotá;;
1122509597;Luna Valentina Torres Vargas;Comunicaciones;lunavtorresvargas@gmail.com; 315 4058269;14 de octubre de 2026;1:30 p.m. a 5:30 p.m.;Apoyarás al equipo de Comunicaciones en la producción audiovisual y el diseño gráfico de la compañía, incluyendo animaciones, subtitulación de videos, storyboards, fotografía y podcasts, así como en la gestión de recursos y presupuestos de producción para la comunicación corporativa y de marca.;Carrera 53A # 127-35, Bogotá;;
1011084990;Ana Sofia Cosma Abril;Comunicaciones;sofiacosma22@gmail.com; 320 3445667;14 de octubre de 2026;1:30 p.m. a 5:30 p.m.;Apoyarás al equipo de Comunicaciones en la producción audiovisual y el diseño gráfico de la compañía, incluyendo animaciones, subtitulación de videos, storyboards, fotografía y podcasts, así como en la gestión de recursos y presupuestos de producción para la comunicación corporativa y de marca.;Carrera 53A # 127-35, Bogotá;;
1019842441;Isabella Rojas Dada;Comunicaciones;isabellarojasdada05@gmail.com;3166210415;14 de octubre de 2026;1:30 p.m. a 5:30 p.m.;Apoyarás al equipo de Comunicaciones en la producción audiovisual y el diseño gráfico de la compañía, incluyendo animaciones, subtitulación de videos, storyboards, fotografía y podcasts, así como en la gestión de recursos y presupuestos de producción para la comunicación corporativa y de marca.;Carrera 53A # 127-35, Bogotá;;
1000953336;Juan Carlos Delgado Velandia;Comunicaciones;juanchis3102@hotmail.com; 350 3378727;14 de octubre de 2026;1:30 p.m. a 5:30 p.m.;Apoyarás al equipo de Comunicaciones en la producción audiovisual y el diseño gráfico de la compañía, incluyendo animaciones, subtitulación de videos, storyboards, fotografía y podcasts, así como en la gestión de recursos y presupuestos de producción para la comunicación corporativa y de marca.;Carrera 53A # 127-35, Bogotá;;
1032876688;Santiago Zambrano Iregui;Comunicaciones;santiago.zambrano1008@gmail.com; 318 8147439;14 de octubre de 2026;1:30 p.m. a 5:30 p.m.;Apoyarás al equipo de Comunicaciones en la producción audiovisual y el diseño gráfico de la compañía, incluyendo animaciones, subtitulación de videos, storyboards, fotografía y podcasts, así como en la gestión de recursos y presupuestos de producción para la comunicación corporativa y de marca.;Carrera 53A # 127-35, Bogotá;;
1000007207;Gilbeto Bryant Cardenas Martinez;Comunicaciones;bryantcar2309@hotmail.com; 311 6685541;14 de octubre de 2026;1:30 p.m. a 5:30 p.m.;Apoyarás al equipo de Comunicaciones en la producción audiovisual y el diseño gráfico de la compañía, incluyendo animaciones, subtitulación de videos, storyboards, fotografía y podcasts, así como en la gestión de recursos y presupuestos de producción para la comunicación corporativa y de marca.;Carrera 53A # 127-35, Bogotá;;
1014856810;Leidy Sánchez Avendaño;Comunicaciones;leidysanaven@gmail.com; 311 2686111;14 de octubre de 2026;1:30 p.m. a 5:30 p.m.;Apoyarás al equipo de Comunicaciones en la producción audiovisual y el diseño gráfico de la compañía, incluyendo animaciones, subtitulación de videos, storyboards, fotografía y podcasts, así como en la gestión de recursos y presupuestos de producción para la comunicación corporativa y de marca.;Carrera 53A # 127-35, Bogotá;;
1066872533;Selma Melisa Andrea Sanabria Durango;Comunicaciones;selmasanabriad@gmail.com; 313 6263013;14 de octubre de 2026;1:30 p.m. a 5:30 p.m.;Apoyarás al equipo de Comunicaciones en la producción audiovisual y el diseño gráfico de la compañía, incluyendo animaciones, subtitulación de videos, storyboards, fotografía y podcasts, así como en la gestión de recursos y presupuestos de producción para la comunicación corporativa y de marca.;Carrera 53A # 127-35, Bogotá;;
1002455397;Luisa Yuliana Carreño Pérez;Elaboración Boyacá Cervecería de Boyacá;luisacarreno3012@gmail.com;320 8367712;15 de octubre de 2026;Por confirmar;Apoyarás al área de Elaboración de la Cervecería de Boyacá en la medición y análisis de los indicadores clave del proceso, la detección y reporte de desviaciones, la actualización de la documentación técnica y las auditorías, y la búsqueda de oportunidades de optimización a partir del análisis de consumos y pérdidas.;Km 4 vía Duitama–Sogamoso, Tibasosa, Boyacá;;
1004217384;Diego Arroyo Quenan;Elaboración Boyacá Cervecería de Boyacá;diegoalejandroarroyoquenan@gmail.com; 312 7102118;15 de octubre de 2026;Por confirmar;Apoyarás al área de Elaboración de la Cervecería de Boyacá en la medición y análisis de los indicadores clave del proceso, la detección y reporte de desviaciones, la actualización de la documentación técnica y las auditorías, y la búsqueda de oportunidades de optimización a partir del análisis de consumos y pérdidas.;Km 4 vía Duitama–Sogamoso, Tibasosa, Boyacá;;
1056798003;Juan sebastian Gil Rodriguez;Elaboración Boyacá Cervecería de Boyacá;juansebastiangilrodriguez11@gmail.com;3186987976;15 de octubre de 2026;Por confirmar;Apoyarás al área de Elaboración de la Cervecería de Boyacá en la medición y análisis de los indicadores clave del proceso, la detección y reporte de desviaciones, la actualización de la documentación técnica y las auditorías, y la búsqueda de oportunidades de optimización a partir del análisis de consumos y pérdidas.;Km 4 vía Duitama–Sogamoso, Tibasosa, Boyacá;;
1118533053;Karen Eliana Ortiz Caicedo;Elaboración Boyacá Cervecería de Boyacá;ortizeliana2004@gmail.com;3154190320;15 de octubre de 2026;Por confirmar;Apoyarás al área de Elaboración de la Cervecería de Boyacá en la medición y análisis de los indicadores clave del proceso, la detección y reporte de desviaciones, la actualización de la documentación técnica y las auditorías, y la búsqueda de oportunidades de optimización a partir del análisis de consumos y pérdidas.;Km 4 vía Duitama–Sogamoso, Tibasosa, Boyacá;;
1006734815;Javier Alfonso Muñoz Guette;Elaboración Boyacá Cervecería de Boyacá;javiestudio2142@gmail.com;3112388229;15 de octubre de 2026;Por confirmar;Apoyarás al área de Elaboración de la Cervecería de Boyacá en la medición y análisis de los indicadores clave del proceso, la detección y reporte de desviaciones, la actualización de la documentación técnica y las auditorías, y la búsqueda de oportunidades de optimización a partir del análisis de consumos y pérdidas.;Km 4 vía Duitama–Sogamoso, Tibasosa, Boyacá;;
1006554579;Leonart Rincon;Elaboración Boyacá Cervecería de Boyacá;leonardrincon18@gmail.com;3205909541;15 de octubre de 2026;Por confirmar;Apoyarás al área de Elaboración de la Cervecería de Boyacá en la medición y análisis de los indicadores clave del proceso, la detección y reporte de desviaciones, la actualización de la documentación técnica y las auditorías, y la búsqueda de oportunidades de optimización a partir del análisis de consumos y pérdidas.;Km 4 vía Duitama–Sogamoso, Tibasosa, Boyacá;;
1053442581;Loren Daniela Duarte Colmenares;Elaboración Boyacá Cervecería de Boyacá;lorensofi2010@hotmail.com; 321 7866399;15 de octubre de 2026;Por confirmar;Apoyarás al área de Elaboración de la Cervecería de Boyacá en la medición y análisis de los indicadores clave del proceso, la detección y reporte de desviaciones, la actualización de la documentación técnica y las auditorías, y la búsqueda de oportunidades de optimización a partir del análisis de consumos y pérdidas.;Km 4 vía Duitama–Sogamoso, Tibasosa, Boyacá;;
1052381342;Astrid Juliana Fajardo Vargas;Elaboración Boyacá Cervecería de Boyacá;astridfajardovargas@gmail.com;311 8242698;15 de octubre de 2026;Por confirmar;Apoyarás al área de Elaboración de la Cervecería de Boyacá en la medición y análisis de los indicadores clave del proceso, la detección y reporte de desviaciones, la actualización de la documentación técnica y las auditorías, y la búsqueda de oportunidades de optimización a partir del análisis de consumos y pérdidas.;Km 4 vía Duitama–Sogamoso, Tibasosa, Boyacá;;
1057570417;Diego Andres Perez Rodriguez;Elaboración Boyacá Cervecería de Boyacá;diegoandresp275@gmail.com;3202806780;15 de octubre de 2026;Por confirmar;Apoyarás al área de Elaboración de la Cervecería de Boyacá en la medición y análisis de los indicadores clave del proceso, la detección y reporte de desviaciones, la actualización de la documentación técnica y las auditorías, y la búsqueda de oportunidades de optimización a partir del análisis de consumos y pérdidas.;Km 4 vía Duitama–Sogamoso, Tibasosa, Boyacá;;
1000184650;Adriana Alexandra Salgado Rivera;Elaboración Cervecería de Medellín;adrianaa.salgador@gmail.com; 322 4630169;Por confirmar;Por confirmar;Apoyarás al área de Elaboración de la Cervecería de Medellín en la optimización de los KPI de proceso sin afectar el perfil sensorial: cálculos para proyectar indicadores de agua y energía frente a mejoras planteadas, seguimiento al control de proceso del indicador de merma y seguimiento a la mejora microbiológica del área.;Carrera 50A # 38-39, Itagüí, Antioquia;;
1000414899;YURLEY FANERY TEJADA ZULUAGA;Elaboración Cervecería de Medellín;yurley.tejada25@gmail.com;320 8896616;Por confirmar;Por confirmar;Apoyarás al área de Elaboración de la Cervecería de Medellín en la optimización de los KPI de proceso sin afectar el perfil sensorial: cálculos para proyectar indicadores de agua y energía frente a mejoras planteadas, seguimiento al control de proceso del indicador de merma y seguimiento a la mejora microbiológica del área.;Carrera 50A # 38-39, Itagüí, Antioquia;;
1001420520;FIORELLA FAJARDO;Elaboración Cervecería de Medellín;fiorellalopezfajardo@gmail.com;311 3236803;Por confirmar;Por confirmar;Apoyarás al área de Elaboración de la Cervecería de Medellín en la optimización de los KPI de proceso sin afectar el perfil sensorial: cálculos para proyectar indicadores de agua y energía frente a mejoras planteadas, seguimiento al control de proceso del indicador de merma y seguimiento a la mejora microbiológica del área.;Carrera 50A # 38-39, Itagüí, Antioquia;;
1036251392;María Celeste Cardona Gallo;Elaboración Cervecería de Medellín;mceleste1220@gmail.com; 312 6440342;Por confirmar;Por confirmar;Apoyarás al área de Elaboración de la Cervecería de Medellín en la optimización de los KPI de proceso sin afectar el perfil sensorial: cálculos para proyectar indicadores de agua y energía frente a mejoras planteadas, seguimiento al control de proceso del indicador de merma y seguimiento a la mejora microbiológica del área.;Carrera 50A # 38-39, Itagüí, Antioquia;;
1043636565;Sofia Ruiz Tamayo;Elaboración Cervecería de Medellín;sruizt2@eafit.edu.co;3009099493;Por confirmar;Por confirmar;Apoyarás al área de Elaboración de la Cervecería de Medellín en la optimización de los KPI de proceso sin afectar el perfil sensorial: cálculos para proyectar indicadores de agua y energía frente a mejoras planteadas, seguimiento al control de proceso del indicador de merma y seguimiento a la mejora microbiológica del área.;Carrera 50A # 38-39, Itagüí, Antioquia;;
1000273617;David Moreno Dosantos;Elaboración Cervecería de Medellín;dmorenodo@unal.edu.co;3135999743;Por confirmar;Por confirmar;Apoyarás al área de Elaboración de la Cervecería de Medellín en la optimización de los KPI de proceso sin afectar el perfil sensorial: cálculos para proyectar indicadores de agua y energía frente a mejoras planteadas, seguimiento al control de proceso del indicador de merma y seguimiento a la mejora microbiológica del área.;Carrera 50A # 38-39, Itagüí, Antioquia;;
1000537538;Catalina Flórez Medina;Elaboración Cervecería de Medellín;cataflorez1113@gmail.com; 317 4002460;Por confirmar;Por confirmar;Apoyarás al área de Elaboración de la Cervecería de Medellín en la optimización de los KPI de proceso sin afectar el perfil sensorial: cálculos para proyectar indicadores de agua y energía frente a mejoras planteadas, seguimiento al control de proceso del indicador de merma y seguimiento a la mejora microbiológica del área.;Carrera 50A # 38-39, Itagüí, Antioquia;;
1002635864;Daniel Arias Valderrama;Elaboración Cervecería de Medellín;danielariasvalderrama@gmail.com; 310 3774795;Por confirmar;Por confirmar;Apoyarás al área de Elaboración de la Cervecería de Medellín en la optimización de los KPI de proceso sin afectar el perfil sensorial: cálculos para proyectar indicadores de agua y energía frente a mejoras planteadas, seguimiento al control de proceso del indicador de merma y seguimiento a la mejora microbiológica del área.;Carrera 50A # 38-39, Itagüí, Antioquia;;
1001029308;Juan Esteban Atehortua Franco;Elaboración Cervecería de Medellín;juanes021205@hotmail.com;3006204601;Por confirmar;Por confirmar;Apoyarás al área de Elaboración de la Cervecería de Medellín en la optimización de los KPI de proceso sin afectar el perfil sensorial: cálculos para proyectar indicadores de agua y energía frente a mejoras planteadas, seguimiento al control de proceso del indicador de merma y seguimiento a la mejora microbiológica del área.;Carrera 50A # 38-39, Itagüí, Antioquia;;
1021395092;Dana Catalina Mora Torres;Elaboración Cervecería de Tocancipá;dc.morat@outlook.es; 312 4693211;Por confirmar;Por confirmar;Apoyarás al área de Elaboración de la Cervecería de Tocancipá en el análisis, seguimiento e implementación de mejoras a los indicadores críticos del área, la ejecución de iniciativas para disminuir la merma y el acompañamiento a proyectos alineados con el sistema de gestión, cumpliendo los estándares de seguridad y calidad.;Autopista Norte Km 30, vía Tocancipá, Cundinamarca;;
1053325985;Chaloun Fernanda Pachón García;Elaboración Cervecería de Tocancipá;chalounferp@gmail.com; 317 4197224;Por confirmar;Por confirmar;Apoyarás al área de Elaboración de la Cervecería de Tocancipá en el análisis, seguimiento e implementación de mejoras a los indicadores críticos del área, la ejecución de iniciativas para disminuir la merma y el acompañamiento a proyectos alineados con el sistema de gestión, cumpliendo los estándares de seguridad y calidad.;Autopista Norte Km 30, vía Tocancipá, Cundinamarca;;
1003565150;Angel Camilo Suta Rueda;Elaboración Cervecería de Tocancipá;angelcamilo2703@gmail.com;3147560352;Por confirmar;Por confirmar;Apoyarás al área de Elaboración de la Cervecería de Tocancipá en el análisis, seguimiento e implementación de mejoras a los indicadores críticos del área, la ejecución de iniciativas para disminuir la merma y el acompañamiento a proyectos alineados con el sistema de gestión, cumpliendo los estándares de seguridad y calidad.;Autopista Norte Km 30, vía Tocancipá, Cundinamarca;;
1011081594;Paula Vanessa Manrique Camacho;Elaboración Cervecería de Tocancipá;paulamaanrique052@hotmail.com;3046547913;Por confirmar;Por confirmar;Apoyarás al área de Elaboración de la Cervecería de Tocancipá en el análisis, seguimiento e implementación de mejoras a los indicadores críticos del área, la ejecución de iniciativas para disminuir la merma y el acompañamiento a proyectos alineados con el sistema de gestión, cumpliendo los estándares de seguridad y calidad.;Autopista Norte Km 30, vía Tocancipá, Cundinamarca;;
1002541388;Yerly Liseth Pastran Parra;Elaboración Cervecería de Tocancipá;yerliseth1726@gmail.com; 322 3851073;Por confirmar;Por confirmar;Apoyarás al área de Elaboración de la Cervecería de Tocancipá en el análisis, seguimiento e implementación de mejoras a los indicadores críticos del área, la ejecución de iniciativas para disminuir la merma y el acompañamiento a proyectos alineados con el sistema de gestión, cumpliendo los estándares de seguridad y calidad.;Autopista Norte Km 30, vía Tocancipá, Cundinamarca;;
1054398334;Sergio Arbelaez Agudelo;Elaboración Cervecería de Tocancipá;sergio2a04@gmail.com; 310 2213837;Por confirmar;Por confirmar;Apoyarás al área de Elaboración de la Cervecería de Tocancipá en el análisis, seguimiento e implementación de mejoras a los indicadores críticos del área, la ejecución de iniciativas para disminuir la merma y el acompañamiento a proyectos alineados con el sistema de gestión, cumpliendo los estándares de seguridad y calidad.;Autopista Norte Km 30, vía Tocancipá, Cundinamarca;;
1076648963;Mariana Lucia Ladino Melo;Elaboración Cervecería de Tocancipá;ladinomariana26@gmail.com; 300 4381621;Por confirmar;Por confirmar;Apoyarás al área de Elaboración de la Cervecería de Tocancipá en el análisis, seguimiento e implementación de mejoras a los indicadores críticos del área, la ejecución de iniciativas para disminuir la merma y el acompañamiento a proyectos alineados con el sistema de gestión, cumpliendo los estándares de seguridad y calidad.;Autopista Norte Km 30, vía Tocancipá, Cundinamarca;;
1120561289;CRISTIAN CAMILO ACEVEDO QUINTERO;Elaboración Cervecería de Tocancipá;cristianacevedo217@gmail.com; 315 6904793;Por confirmar;Por confirmar;Apoyarás al área de Elaboración de la Cervecería de Tocancipá en el análisis, seguimiento e implementación de mejoras a los indicadores críticos del área, la ejecución de iniciativas para disminuir la merma y el acompañamiento a proyectos alineados con el sistema de gestión, cumpliendo los estándares de seguridad y calidad.;Autopista Norte Km 30, vía Tocancipá, Cundinamarca;;
1076240691;Paula Daniela Robayo Rozo;Elaboración Cervecería de Tocancipá;paurobayo11@gmail.com;3104776612;Por confirmar;Por confirmar;Apoyarás al área de Elaboración de la Cervecería de Tocancipá en el análisis, seguimiento e implementación de mejoras a los indicadores críticos del área, la ejecución de iniciativas para disminuir la merma y el acompañamiento a proyectos alineados con el sistema de gestión, cumpliendo los estándares de seguridad y calidad.;Autopista Norte Km 30, vía Tocancipá, Cundinamarca;;
1020713951;Alejandro Ramirez Forero;Elaboración Cervecería de Tocancipá;alejandrorf122004@gmail.com; 317 5981002;Por confirmar;Por confirmar;Apoyarás al área de Elaboración de la Cervecería de Tocancipá en el análisis, seguimiento e implementación de mejoras a los indicadores críticos del área, la ejecución de iniciativas para disminuir la merma y el acompañamiento a proyectos alineados con el sistema de gestión, cumpliendo los estándares de seguridad y calidad.;Autopista Norte Km 30, vía Tocancipá, Cundinamarca;;
1110362238;Juan Sebastián Franco Salas;Elaboración Cervecería del Valle;juanfrancosalas1401@gmail.com;3337125760;14 de octubre de 2026;7:30 a.m. a 12:00 p.m.;Apoyarás al área de Elaboración de la Cervecería del Valle en la gestión y análisis de datos operacionales, la administración de la documentación técnica y la elaboración de reportes de seguimiento a los indicadores del proceso, además del desarrollo de un proyecto de mejora y el apoyo a las actividades rutinarias del área.;Calle 15 # 25A-37, Autopista Norte Km 4, Cali;;
1059354950;NATALI VANESSA DORADO DAZA;Elaboración Cervecería del Valle;natalyvanessadoradodaza@gmail.com; 320 4347215;14 de octubre de 2026;7:30 a.m. a 12:00 p.m.;Apoyarás al área de Elaboración de la Cervecería del Valle en la gestión y análisis de datos operacionales, la administración de la documentación técnica y la elaboración de reportes de seguimiento a los indicadores del proceso, además del desarrollo de un proyecto de mejora y el apoyo a las actividades rutinarias del área.;Calle 15 # 25A-37, Autopista Norte Km 4, Cali;;
1062275043;Maria Jose Calambas Casamachin;Elaboración Cervecería del Valle;mariajoseav52@gmail.com; 310 4233492;14 de octubre de 2026;7:30 a.m. a 12:00 p.m.;Apoyarás al área de Elaboración de la Cervecería del Valle en la gestión y análisis de datos operacionales, la administración de la documentación técnica y la elaboración de reportes de seguimiento a los indicadores del proceso, además del desarrollo de un proyecto de mejora y el apoyo a las actividades rutinarias del área.;Calle 15 # 25A-37, Autopista Norte Km 4, Cali;;
1005935212;LIZETH MAYERLI MONTENEGRO RESTREPO;Elaboración Cervecería del Valle;montenegro.lizeth@correounivalle.edu.co; 318 8018223;14 de octubre de 2026;7:30 a.m. a 12:00 p.m.;Apoyarás al área de Elaboración de la Cervecería del Valle en la gestión y análisis de datos operacionales, la administración de la documentación técnica y la elaboración de reportes de seguimiento a los indicadores del proceso, además del desarrollo de un proyecto de mejora y el apoyo a las actividades rutinarias del área.;Calle 15 # 25A-37, Autopista Norte Km 4, Cali;;
1105363099;Sarah Piza Prada;Elaboración Cervecería del Valle;sarahlizethpizaprada@gmail.com; 321 2048843;14 de octubre de 2026;7:30 a.m. a 12:00 p.m.;Apoyarás al área de Elaboración de la Cervecería del Valle en la gestión y análisis de datos operacionales, la administración de la documentación técnica y la elaboración de reportes de seguimiento a los indicadores del proceso, además del desarrollo de un proyecto de mejora y el apoyo a las actividades rutinarias del área.;Calle 15 # 25A-37, Autopista Norte Km 4, Cali;;
1105368091;Daniel Stiven Salinas Castillo;Elaboración Cervecería del Valle;salinas.daniel1206@gmail.com; 320 7618708;14 de octubre de 2026;7:30 a.m. a 12:00 p.m.;Apoyarás al área de Elaboración de la Cervecería del Valle en la gestión y análisis de datos operacionales, la administración de la documentación técnica y la elaboración de reportes de seguimiento a los indicadores del proceso, además del desarrollo de un proyecto de mejora y el apoyo a las actividades rutinarias del área.;Calle 15 # 25A-37, Autopista Norte Km 4, Cali;;
1037776478;Maria José Oquendo Chavarría;Elaboración Cervecería del Valle;mariajoquendoch@gmail.com; 300 4788939;14 de octubre de 2026;7:30 a.m. a 12:00 p.m.;Apoyarás al área de Elaboración de la Cervecería del Valle en la gestión y análisis de datos operacionales, la administración de la documentación técnica y la elaboración de reportes de seguimiento a los indicadores del proceso, además del desarrollo de un proyecto de mejora y el apoyo a las actividades rutinarias del área.;Calle 15 # 25A-37, Autopista Norte Km 4, Cali;;
1112220828;Jefferson Gonzalez Gordillo;Elaboración Cervecería del Valle;jeffersongonzales3112@gmail.com; 313 7604357;14 de octubre de 2026;7:30 a.m. a 12:00 p.m.;Apoyarás al área de Elaboración de la Cervecería del Valle en la gestión y análisis de datos operacionales, la administración de la documentación técnica y la elaboración de reportes de seguimiento a los indicadores del proceso, además del desarrollo de un proyecto de mejora y el apoyo a las actividades rutinarias del área.;Calle 15 # 25A-37, Autopista Norte Km 4, Cali;;
1107042882;Laura Tatiana Torres Trujillo;Elaboración Cervecería del Valle;laura.tatiana.torres@correounivalle.edu.co; 315 4901789;14 de octubre de 2026;7:30 a.m. a 12:00 p.m.;Apoyarás al área de Elaboración de la Cervecería del Valle en la gestión y análisis de datos operacionales, la administración de la documentación técnica y la elaboración de reportes de seguimiento a los indicadores del proceso, además del desarrollo de un proyecto de mejora y el apoyo a las actividades rutinarias del área.;Calle 15 # 25A-37, Autopista Norte Km 4, Cali;;
1105369065;Manuel Alejandro Cortés Parra;Elaboración Cervecería del Valle;alejo.cparra12@gmail.com;301 2449988;14 de octubre de 2026;7:30 a.m. a 12:00 p.m.;Apoyarás al área de Elaboración de la Cervecería del Valle en la gestión y análisis de datos operacionales, la administración de la documentación técnica y la elaboración de reportes de seguimiento a los indicadores del proceso, además del desarrollo de un proyecto de mejora y el apoyo a las actividades rutinarias del área.;Calle 15 # 25A-37, Autopista Norte Km 4, Cali;;
1042247753;Ana Jiménez;Envase Cervecería de Barranquilla;an20-13@hotmail.com;3002713372;22 de octubre de 2026;12:30 p.m. a 5:00 p.m.;Apoyarás al área de Envase de la Cervecería de Barranquilla liderando un proyecto de mejora continua enfocado en optimizar un KPI clave del proceso de envasado, con el fin de generar un impacto medible y positivo en la eficiencia y la productividad de las líneas a través de la innovación.;Calle 10 # 38-280, Barranquillita, Barranquilla;;
1002163133;Angel Zuñiga Robles;Envase Cervecería de Barranquilla;zuniga.angel0802@gmail.com; 300 2916918;22 de octubre de 2026;12:30 p.m. a 5:00 p.m.;Apoyarás al área de Envase de la Cervecería de Barranquilla liderando un proyecto de mejora continua enfocado en optimizar un KPI clave del proceso de envasado, con el fin de generar un impacto medible y positivo en la eficiencia y la productividad de las líneas a través de la innovación.;Calle 10 # 38-280, Barranquillita, Barranquilla;;
1043644222;Lina Altahona De Hoyos;Envase Cervecería de Barranquilla;linaaltahona1@gmail.com;320 5809488;22 de octubre de 2026;12:30 p.m. a 5:00 p.m.;Apoyarás al área de Envase de la Cervecería de Barranquilla liderando un proyecto de mejora continua enfocado en optimizar un KPI clave del proceso de envasado, con el fin de generar un impacto medible y positivo en la eficiencia y la productividad de las líneas a través de la innovación.;Calle 10 # 38-280, Barranquillita, Barranquilla;;
1042852030;Valentina Grondona Gutierrez;Envase Cervecería de Barranquilla;valegrondonag@hotmail.com; 302 8689279;22 de octubre de 2026;12:30 p.m. a 5:00 p.m.;Apoyarás al área de Envase de la Cervecería de Barranquilla liderando un proyecto de mejora continua enfocado en optimizar un KPI clave del proceso de envasado, con el fin de generar un impacto medible y positivo en la eficiencia y la productividad de las líneas a través de la innovación.;Calle 10 # 38-280, Barranquillita, Barranquilla;;
1001825014;Mateo Marin;Envase Cervecería de Barranquilla;matemarinm@gmail.com;3028404613;22 de octubre de 2026;12:30 p.m. a 5:00 p.m.;Apoyarás al área de Envase de la Cervecería de Barranquilla liderando un proyecto de mejora continua enfocado en optimizar un KPI clave del proceso de envasado, con el fin de generar un impacto medible y positivo en la eficiencia y la productividad de las líneas a través de la innovación.;Calle 10 # 38-280, Barranquillita, Barranquilla;;
1043116135;Sebastián Escorcia Reales;Envase Cervecería de Barranquilla;escorciasebas56@gmail.com; 315 5903994;22 de octubre de 2026;12:30 p.m. a 5:00 p.m.;Apoyarás al área de Envase de la Cervecería de Barranquilla liderando un proyecto de mejora continua enfocado en optimizar un KPI clave del proceso de envasado, con el fin de generar un impacto medible y positivo en la eficiencia y la productividad de las líneas a través de la innovación.;Calle 10 # 38-280, Barranquillita, Barranquilla;;
1042242843;Carlos Andres De Avila Espinosa;Envase Cervecería de Barranquilla;carlosada567@gmail.com; 302 8476293;22 de octubre de 2026;12:30 p.m. a 5:00 p.m.;Apoyarás al área de Envase de la Cervecería de Barranquilla liderando un proyecto de mejora continua enfocado en optimizar un KPI clave del proceso de envasado, con el fin de generar un impacto medible y positivo en la eficiencia y la productividad de las líneas a través de la innovación.;Calle 10 # 38-280, Barranquillita, Barranquilla;;
1002159559;Valeria Alejandra Quezada Olarte;Envase Cervecería de Barranquilla;valeqo13063105@gmail.com;3006440631;22 de octubre de 2026;12:30 p.m. a 5:00 p.m.;Apoyarás al área de Envase de la Cervecería de Barranquilla liderando un proyecto de mejora continua enfocado en optimizar un KPI clave del proceso de envasado, con el fin de generar un impacto medible y positivo en la eficiencia y la productividad de las líneas a través de la innovación.;Calle 10 # 38-280, Barranquillita, Barranquilla;;
1043132420;Keitlyn Pino Cano;Envase Cervecería de Barranquilla;keitlynpino3@gmail.com; 300 3916646;22 de octubre de 2026;12:30 p.m. a 5:00 p.m.;Apoyarás al área de Envase de la Cervecería de Barranquilla liderando un proyecto de mejora continua enfocado en optimizar un KPI clave del proceso de envasado, con el fin de generar un impacto medible y positivo en la eficiencia y la productividad de las líneas a través de la innovación.;Calle 10 # 38-280, Barranquillita, Barranquilla;;
1002163280;Stefany Oporto Alvarez;Envase Cervecería de Barranquilla;stefanyoporto@gmail.com;3137286283;22 de octubre de 2026;12:30 p.m. a 5:00 p.m.;Apoyarás al área de Envase de la Cervecería de Barranquilla liderando un proyecto de mejora continua enfocado en optimizar un KPI clave del proceso de envasado, con el fin de generar un impacto medible y positivo en la eficiencia y la productividad de las líneas a través de la innovación.;Calle 10 # 38-280, Barranquillita, Barranquilla;;
1042849137;Alba Juliana Quiroz Ospina;Envase Cervecería de Barranquilla;albajulianaquiroz@gmail.com; 314 3636163;22 de octubre de 2026;12:30 p.m. a 5:00 p.m.;Apoyarás al área de Envase de la Cervecería de Barranquilla liderando un proyecto de mejora continua enfocado en optimizar un KPI clave del proceso de envasado, con el fin de generar un impacto medible y positivo en la eficiencia y la productividad de las líneas a través de la innovación.;Calle 10 # 38-280, Barranquillita, Barranquilla;;
1193588753;Samuel David Collazos Herrera;Envase Cervecería de Barranquilla;samuelcollazos1709@gmail.com; 304 5286582;22 de octubre de 2026;12:30 p.m. a 5:00 p.m.;Apoyarás al área de Envase de la Cervecería de Barranquilla liderando un proyecto de mejora continua enfocado en optimizar un KPI clave del proceso de envasado, con el fin de generar un impacto medible y positivo en la eficiencia y la productividad de las líneas a través de la innovación.;Calle 10 # 38-280, Barranquillita, Barranquilla;;
1006051484;Santiago Sanchez De Arce;Envase Cervecería del Valle;ssanchezdearce@gmail.com; 313 5748376;14 de octubre de 2026;7:30 a.m. a 12:00 p.m.;Apoyarás al área de Envase de la Cervecería del Valle en el desarrollo de un proyecto afín al área, el apoyo constante a la gerencia en las rutinas diarias y la optimización de los KPI de envase, como eficiencia de equipos, consumo de materia prima y mermas, aplicando tus conocimientos en modelado 3D.;Calle 15 # 25A-37, Autopista Norte Km 4, Cali;;
1087119111;ALVARO ANDRES RAMIREZ QUINTERO;Envase Cervecería del Valle;ramirez.alvaro@correounivalle.edu.co;3147398003;14 de octubre de 2026;7:30 a.m. a 12:00 p.m.;Apoyarás al área de Envase de la Cervecería del Valle en el desarrollo de un proyecto afín al área, el apoyo constante a la gerencia en las rutinas diarias y la optimización de los KPI de envase, como eficiencia de equipos, consumo de materia prima y mermas, aplicando tus conocimientos en modelado 3D.;Calle 15 # 25A-37, Autopista Norte Km 4, Cali;;
1061684721;Ana María Perez Figueroa;Envase Cervecería del Valle;anamperez@unicauca.edu.co;3023393981;14 de octubre de 2026;7:30 a.m. a 12:00 p.m.;Apoyarás al área de Envase de la Cervecería del Valle en el desarrollo de un proyecto afín al área, el apoyo constante a la gerencia en las rutinas diarias y la optimización de los KPI de envase, como eficiencia de equipos, consumo de materia prima y mermas, aplicando tus conocimientos en modelado 3D.;Calle 15 # 25A-37, Autopista Norte Km 4, Cali;;
1192724020;Luz Adriana Noguera Velasco;Envase Cervecería del Valle;luz7.noguera.v@gmail.com; 322 8629829;14 de octubre de 2026;7:30 a.m. a 12:00 p.m.;Apoyarás al área de Envase de la Cervecería del Valle en el desarrollo de un proyecto afín al área, el apoyo constante a la gerencia en las rutinas diarias y la optimización de los KPI de envase, como eficiencia de equipos, consumo de materia prima y mermas, aplicando tus conocimientos en modelado 3D.;Calle 15 # 25A-37, Autopista Norte Km 4, Cali;;
1106512686;Alejandro Martinez Ruiz;Envase Supply Indugral;alejandro.martinez.ruiz@correounivalle.edu.co; 301 4054205;15 de octubre de 2026;12:30 p.m. a 4:00 p.m.;Apoyarás al área de producción de Indugral (Yumbo) liderando un proyecto de reducción de tiempos de paradas planeadas para alcanzar un GLY de 90, en la evaluación de riesgos de seguridad de las actividades de producción y en la implementación de cambios para la toma de datos de procesos a través de sensores.;Vía Yumbo–Aeropuerto, Zona Franca del Pacífico, Manzana H, Lotes 5, 6 y 7, Yumbo, Valle del Cauca;;
1006101876;Alejandro Diaz Nieva;Envase Supply Indugral;alejandrodiaznieva@gmail.com;3135404291;15 de octubre de 2026;12:30 p.m. a 4:00 p.m.;Apoyarás al área de producción de Indugral (Yumbo) liderando un proyecto de reducción de tiempos de paradas planeadas para alcanzar un GLY de 90, en la evaluación de riesgos de seguridad de las actividades de producción y en la implementación de cambios para la toma de datos de procesos a través de sensores.;Vía Yumbo–Aeropuerto, Zona Franca del Pacífico, Manzana H, Lotes 5, 6 y 7, Yumbo, Valle del Cauca;;
1004249982;Camilo Sánchez Ochoa;Envase Supply Indugral;camilosanchezochoa125@gmail.com; 317 8982461;15 de octubre de 2026;12:30 p.m. a 4:00 p.m.;Apoyarás al área de producción de Indugral (Yumbo) liderando un proyecto de reducción de tiempos de paradas planeadas para alcanzar un GLY de 90, en la evaluación de riesgos de seguridad de las actividades de producción y en la implementación de cambios para la toma de datos de procesos a través de sensores.;Vía Yumbo–Aeropuerto, Zona Franca del Pacífico, Manzana H, Lotes 5, 6 y 7, Yumbo, Valle del Cauca;;
1088589197;DIANA CAMILA MARTINEZ SOTO;Envase Supply Indugral;diana.martinez12@u.icesi.edu.co;3106456019;15 de octubre de 2026;12:30 p.m. a 4:00 p.m.;Apoyarás al área de producción de Indugral (Yumbo) liderando un proyecto de reducción de tiempos de paradas planeadas para alcanzar un GLY de 90, en la evaluación de riesgos de seguridad de las actividades de producción y en la implementación de cambios para la toma de datos de procesos a través de sensores.;Vía Yumbo–Aeropuerto, Zona Franca del Pacífico, Manzana H, Lotes 5, 6 y 7, Yumbo, Valle del Cauca;;
1006427742;Catalina Atehortua Zuluaga;Envase Supply Indugral;catehortua310@gmail.com; 323 3317100;15 de octubre de 2026;12:30 p.m. a 4:00 p.m.;Apoyarás al área de producción de Indugral (Yumbo) liderando un proyecto de reducción de tiempos de paradas planeadas para alcanzar un GLY de 90, en la evaluación de riesgos de seguridad de las actividades de producción y en la implementación de cambios para la toma de datos de procesos a través de sensores.;Vía Yumbo–Aeropuerto, Zona Franca del Pacífico, Manzana H, Lotes 5, 6 y 7, Yumbo, Valle del Cauca;;
1004154247;Cristian Alexis Gonzalez Gutiérrez;Envase Supply Indugral;cristiangonzalez842737@gmail.com; 320 8753642;15 de octubre de 2026;12:30 p.m. a 4:00 p.m.;Apoyarás al área de producción de Indugral (Yumbo) liderando un proyecto de reducción de tiempos de paradas planeadas para alcanzar un GLY de 90, en la evaluación de riesgos de seguridad de las actividades de producción y en la implementación de cambios para la toma de datos de procesos a través de sensores.;Vía Yumbo–Aeropuerto, Zona Franca del Pacífico, Manzana H, Lotes 5, 6 y 7, Yumbo, Valle del Cauca;;
1004691011;Oscar Danilo Colimba Cuaical;Envase Supply Indugral;danilocuai12@gmail.com;0;15 de octubre de 2026;12:30 p.m. a 4:00 p.m.;Apoyarás al área de producción de Indugral (Yumbo) liderando un proyecto de reducción de tiempos de paradas planeadas para alcanzar un GLY de 90, en la evaluación de riesgos de seguridad de las actividades de producción y en la implementación de cambios para la toma de datos de procesos a través de sensores.;Vía Yumbo–Aeropuerto, Zona Franca del Pacífico, Manzana H, Lotes 5, 6 y 7, Yumbo, Valle del Cauca;;
1089512175;Janer Darío Bolaños Quiñones;Envase Supply Indugral;dariojbq27@gmail.com; 320 5293145;15 de octubre de 2026;12:30 p.m. a 4:00 p.m.;Apoyarás al área de producción de Indugral (Yumbo) liderando un proyecto de reducción de tiempos de paradas planeadas para alcanzar un GLY de 90, en la evaluación de riesgos de seguridad de las actividades de producción y en la implementación de cambios para la toma de datos de procesos a través de sensores.;Vía Yumbo–Aeropuerto, Zona Franca del Pacífico, Manzana H, Lotes 5, 6 y 7, Yumbo, Valle del Cauca;;
1002777341;Antonio Guasca;Envase Supply Indugral;guascawilson797@gmail.com; 314 8443067;15 de octubre de 2026;12:30 p.m. a 4:00 p.m.;Apoyarás al área de producción de Indugral (Yumbo) liderando un proyecto de reducción de tiempos de paradas planeadas para alcanzar un GLY de 90, en la evaluación de riesgos de seguridad de las actividades de producción y en la implementación de cambios para la toma de datos de procesos a través de sensores.;Vía Yumbo–Aeropuerto, Zona Franca del Pacífico, Manzana H, Lotes 5, 6 y 7, Yumbo, Valle del Cauca;;
1193600407;Miguel Angel Salazar Ramirez;Envase Supply Indugral;miguelsalazar1105@gmail.com; 314 5015242;15 de octubre de 2026;12:30 p.m. a 4:00 p.m.;Apoyarás al área de producción de Indugral (Yumbo) liderando un proyecto de reducción de tiempos de paradas planeadas para alcanzar un GLY de 90, en la evaluación de riesgos de seguridad de las actividades de producción y en la implementación de cambios para la toma de datos de procesos a través de sensores.;Vía Yumbo–Aeropuerto, Zona Franca del Pacífico, Manzana H, Lotes 5, 6 y 7, Yumbo, Valle del Cauca;;
1006907583;Jimmy Daniel Josa Collazos;I&S  Cervecería del Valle;jimmy.josa@correounivalle.edu.co; 322 6175626;14 de octubre de 2026;7:30 a.m. a 12:00 p.m.;Apoyarás al área de Ingeniería y Servicios (I&S) de la Cervecería del Valle en el seguimiento y análisis de los indicadores de desempeño (KPIs y PIs), el desarrollo de un proyecto sobre un proceso específico, la coordinación con proveedores para la entrega oportuna de repuestos y la elaboración de reportes del área.;Calle 15 # 25A-37, Autopista Norte Km 4, Cali;;
1115574468;Alexander Ortiz Martínez;I&S  Cervecería del Valle;alexander10763@gmail.com; 315 4069847;14 de octubre de 2026;7:30 a.m. a 12:00 p.m.;Apoyarás al área de Ingeniería y Servicios (I&S) de la Cervecería del Valle en el seguimiento y análisis de los indicadores de desempeño (KPIs y PIs), el desarrollo de un proyecto sobre un proceso específico, la coordinación con proveedores para la entrega oportuna de repuestos y la elaboración de reportes del área.;Calle 15 # 25A-37, Autopista Norte Km 4, Cali;;
1193324017;Óscar Julián Pérez Ladino;I&S  Cervecería del Valle;julian29093947@gmail.com; 324 5771142;14 de octubre de 2026;7:30 a.m. a 12:00 p.m.;Apoyarás al área de Ingeniería y Servicios (I&S) de la Cervecería del Valle en el seguimiento y análisis de los indicadores de desempeño (KPIs y PIs), el desarrollo de un proyecto sobre un proceso específico, la coordinación con proveedores para la entrega oportuna de repuestos y la elaboración de reportes del área.;Calle 15 # 25A-37, Autopista Norte Km 4, Cali;;
1111540386;DIEGO FELIPE ARCOS MARIN;I&S  Cervecería del Valle;diego.felipe.arcos@correounivalle.edu.co;3202099480;14 de octubre de 2026;7:30 a.m. a 12:00 p.m.;Apoyarás al área de Ingeniería y Servicios (I&S) de la Cervecería del Valle en el seguimiento y análisis de los indicadores de desempeño (KPIs y PIs), el desarrollo de un proyecto sobre un proceso específico, la coordinación con proveedores para la entrega oportuna de repuestos y la elaboración de reportes del área.;Calle 15 # 25A-37, Autopista Norte Km 4, Cali;;
1107844181;Karen Daniela Lagarejo Aguilar;I&S  Cervecería del Valle;karen.lagarejo9@gmail.com; 312 8724546;14 de octubre de 2026;7:30 a.m. a 12:00 p.m.;Apoyarás al área de Ingeniería y Servicios (I&S) de la Cervecería del Valle en el seguimiento y análisis de los indicadores de desempeño (KPIs y PIs), el desarrollo de un proyecto sobre un proceso específico, la coordinación con proveedores para la entrega oportuna de repuestos y la elaboración de reportes del área.;Calle 15 # 25A-37, Autopista Norte Km 4, Cali;;
1114541928;Sebastian Bustamante López;I&S  Cervecería del Valle;sebasbuslo@hotmail.com;3182176352;14 de octubre de 2026;7:30 a.m. a 12:00 p.m.;Apoyarás al área de Ingeniería y Servicios (I&S) de la Cervecería del Valle en el seguimiento y análisis de los indicadores de desempeño (KPIs y PIs), el desarrollo de un proyecto sobre un proceso específico, la coordinación con proveedores para la entrega oportuna de repuestos y la elaboración de reportes del área.;Calle 15 # 25A-37, Autopista Norte Km 4, Cali;;
1121198799;Phanor Castillo;I&S  Cervecería del Valle;castillophanor40@gmail.com;3156628776;14 de octubre de 2026;7:30 a.m. a 12:00 p.m.;Apoyarás al área de Ingeniería y Servicios (I&S) de la Cervecería del Valle en el seguimiento y análisis de los indicadores de desempeño (KPIs y PIs), el desarrollo de un proyecto sobre un proceso específico, la coordinación con proveedores para la entrega oportuna de repuestos y la elaboración de reportes del área.;Calle 15 # 25A-37, Autopista Norte Km 4, Cali;;
1112389571;Pedro Bernal Londoño;I&S  Cervecería del Valle;pbernal309@gmail.com;3176161450;14 de octubre de 2026;7:30 a.m. a 12:00 p.m.;Apoyarás al área de Ingeniería y Servicios (I&S) de la Cervecería del Valle en el seguimiento y análisis de los indicadores de desempeño (KPIs y PIs), el desarrollo de un proyecto sobre un proceso específico, la coordinación con proveedores para la entrega oportuna de repuestos y la elaboración de reportes del área.;Calle 15 # 25A-37, Autopista Norte Km 4, Cali;;
1007786770;Ernesto Carlos Vega Gómez;I&S Cervecería de Barranquilla;ercavego@gmail.com; 320 7461252;22 de octubre de 2026;12:30 p.m. a 5:00 p.m.;Apoyarás al área de Ingeniería y Servicios (I&S) de la Cervecería de Barranquilla en la optimización del uso de recursos como agua y energía, el análisis de indicadores, el apoyo a proyectos de eficiencia y la implementación del sistema de gestión VPO, contribuyendo a mantener estándares de clase mundial en la planta.;Calle 10 # 38-280, Barranquillita, Barranquilla;;
1007219010;Juan David Nuñez Leguía;I&S Cervecería de Barranquilla;jnunezleguia@gmail.com; 300 6727521;22 de octubre de 2026;12:30 p.m. a 5:00 p.m.;Apoyarás al área de Ingeniería y Servicios (I&S) de la Cervecería de Barranquilla en la optimización del uso de recursos como agua y energía, el análisis de indicadores, el apoyo a proyectos de eficiencia y la implementación del sistema de gestión VPO, contribuyendo a mantener estándares de clase mundial en la planta.;Calle 10 # 38-280, Barranquillita, Barranquilla;;
1062956742;María Andrea Argumedo Campo;I&S Cervecería de Barranquilla;mariaandrea.maac@gmail.com;3006906867;22 de octubre de 2026;12:30 p.m. a 5:00 p.m.;Apoyarás al área de Ingeniería y Servicios (I&S) de la Cervecería de Barranquilla en la optimización del uso de recursos como agua y energía, el análisis de indicadores, el apoyo a proyectos de eficiencia y la implementación del sistema de gestión VPO, contribuyendo a mantener estándares de clase mundial en la planta.;Calle 10 # 38-280, Barranquillita, Barranquilla;;
1042247728;Danner Manuel Amaya Padilla;I&S Cervecería de Barranquilla;danneramaya123@gmail.com; 305 4414452;22 de octubre de 2026;12:30 p.m. a 5:00 p.m.;Apoyarás al área de Ingeniería y Servicios (I&S) de la Cervecería de Barranquilla en la optimización del uso de recursos como agua y energía, el análisis de indicadores, el apoyo a proyectos de eficiencia y la implementación del sistema de gestión VPO, contribuyendo a mantener estándares de clase mundial en la planta.;Calle 10 # 38-280, Barranquillita, Barranquilla;;
1034986459;Mariantonia Manjarres Garcia;I&S Cervecería de Barranquilla;mmanjarres2103@gmail.com; 350 3703324;22 de octubre de 2026;12:30 p.m. a 5:00 p.m.;Apoyarás al área de Ingeniería y Servicios (I&S) de la Cervecería de Barranquilla en la optimización del uso de recursos como agua y energía, el análisis de indicadores, el apoyo a proyectos de eficiencia y la implementación del sistema de gestión VPO, contribuyendo a mantener estándares de clase mundial en la planta.;Calle 10 # 38-280, Barranquillita, Barranquilla;;
1129510305;Emanuel Barranco Reales;I&S Cervecería de Barranquilla;mnub886@gmail.com;3169387050;22 de octubre de 2026;12:30 p.m. a 5:00 p.m.;Apoyarás al área de Ingeniería y Servicios (I&S) de la Cervecería de Barranquilla en la optimización del uso de recursos como agua y energía, el análisis de indicadores, el apoyo a proyectos de eficiencia y la implementación del sistema de gestión VPO, contribuyendo a mantener estándares de clase mundial en la planta.;Calle 10 # 38-280, Barranquillita, Barranquilla;;
1062954988;Maria Claudia Soto Pereira;I&S Cervecería de Barranquilla;sotomariaclaudia02@gmail.com;3007181485;22 de octubre de 2026;12:30 p.m. a 5:00 p.m.;Apoyarás al área de Ingeniería y Servicios (I&S) de la Cervecería de Barranquilla en la optimización del uso de recursos como agua y energía, el análisis de indicadores, el apoyo a proyectos de eficiencia y la implementación del sistema de gestión VPO, contribuyendo a mantener estándares de clase mundial en la planta.;Calle 10 # 38-280, Barranquillita, Barranquilla;;
1041772099;Julian Mejía Pérez;I&S Cervecería de Barranquilla;jdmperez2006@gmail.com;3011444932;22 de octubre de 2026;12:30 p.m. a 5:00 p.m.;Apoyarás al área de Ingeniería y Servicios (I&S) de la Cervecería de Barranquilla en la optimización del uso de recursos como agua y energía, el análisis de indicadores, el apoyo a proyectos de eficiencia y la implementación del sistema de gestión VPO, contribuyendo a mantener estándares de clase mundial en la planta.;Calle 10 # 38-280, Barranquillita, Barranquilla;;
1042243983;Joel Zapata Aaron;I&S Cervecería de Barranquilla;djaaron@uninorte.edu.co; 304 5729929;22 de octubre de 2026;12:30 p.m. a 5:00 p.m.;Apoyarás al área de Ingeniería y Servicios (I&S) de la Cervecería de Barranquilla en la optimización del uso de recursos como agua y energía, el análisis de indicadores, el apoyo a proyectos de eficiencia y la implementación del sistema de gestión VPO, contribuyendo a mantener estándares de clase mundial en la planta.;Calle 10 # 38-280, Barranquillita, Barranquilla;;
1048064341;Alejandro José Herrera Fuentes;I&S Cervecería de Barranquilla;herrerafuentesalejandrojose@gmail.com; 302 4511618;22 de octubre de 2026;12:30 p.m. a 5:00 p.m.;Apoyarás al área de Ingeniería y Servicios (I&S) de la Cervecería de Barranquilla en la optimización del uso de recursos como agua y energía, el análisis de indicadores, el apoyo a proyectos de eficiencia y la implementación del sistema de gestión VPO, contribuyendo a mantener estándares de clase mundial en la planta.;Calle 10 # 38-280, Barranquillita, Barranquilla;;
1007106198;Lina Marcela Rojas Castro;I&S Cervecería de Tocancipá;linamarcelarojas2003@gmail.com; 319 6517955;Por confirmar;Por confirmar;Apoyarás al área de Ingeniería y Servicios (I&S) de la Cervecería de Tocancipá en la optimización de consumos de los sistemas de soporte (energía, vapor, agua, aire comprimido y amoníaco), la automatización y digitalización de la medición de estos sistemas y el acompañamiento operacional en la implementación de los proyectos.;Autopista Norte Km 30, vía Tocancipá, Cundinamarca;;
1010164509;Laura Natalia Ramirez Rios;I&S Cervecería de Tocancipá;lramirezri@unal.edu.co; 313 4821880;Por confirmar;Por confirmar;Apoyarás al área de Ingeniería y Servicios (I&S) de la Cervecería de Tocancipá en la optimización de consumos de los sistemas de soporte (energía, vapor, agua, aire comprimido y amoníaco), la automatización y digitalización de la medición de estos sistemas y el acompañamiento operacional en la implementación de los proyectos.;Autopista Norte Km 30, vía Tocancipá, Cundinamarca;;
1011081455;Juan Restrepo;I&S Cervecería de Tocancipá;juanresco@unisabana.edu.co; 300 2853391;Por confirmar;Por confirmar;Apoyarás al área de Ingeniería y Servicios (I&S) de la Cervecería de Tocancipá en la optimización de consumos de los sistemas de soporte (energía, vapor, agua, aire comprimido y amoníaco), la automatización y digitalización de la medición de estos sistemas y el acompañamiento operacional en la implementación de los proyectos.;Autopista Norte Km 30, vía Tocancipá, Cundinamarca;;
1013099587;Juan David Pulido Rosas;I&S Cervecería de Tocancipá;juan.pulido1405@gmail.com; 321 3813413;Por confirmar;Por confirmar;Apoyarás al área de Ingeniería y Servicios (I&S) de la Cervecería de Tocancipá en la optimización de consumos de los sistemas de soporte (energía, vapor, agua, aire comprimido y amoníaco), la automatización y digitalización de la medición de estos sistemas y el acompañamiento operacional en la implementación de los proyectos.;Autopista Norte Km 30, vía Tocancipá, Cundinamarca;;
1013108958;Thomas david Aguilar mesa;I&S Cervecería de Tocancipá;thomasdavidaguilarmesa@gmail.com;3112427382;Por confirmar;Por confirmar;Apoyarás al área de Ingeniería y Servicios (I&S) de la Cervecería de Tocancipá en la optimización de consumos de los sistemas de soporte (energía, vapor, agua, aire comprimido y amoníaco), la automatización y digitalización de la medición de estos sistemas y el acompañamiento operacional en la implementación de los proyectos.;Autopista Norte Km 30, vía Tocancipá, Cundinamarca;;
1023162766;Daniel Andres Chavez Martinez;I&S Cervecería de Tocancipá;danichamar2015@gmail.com; 310 2167568;Por confirmar;Por confirmar;Apoyarás al área de Ingeniería y Servicios (I&S) de la Cervecería de Tocancipá en la optimización de consumos de los sistemas de soporte (energía, vapor, agua, aire comprimido y amoníaco), la automatización y digitalización de la medición de estos sistemas y el acompañamiento operacional en la implementación de los proyectos.;Autopista Norte Km 30, vía Tocancipá, Cundinamarca;;
1000327103;Mateo Vasquez Escobar;I&S Cervecería de Tocancipá;mateo.vasqueze9@gmail.com; 313 3207767;Por confirmar;Por confirmar;Apoyarás al área de Ingeniería y Servicios (I&S) de la Cervecería de Tocancipá en la optimización de consumos de los sistemas de soporte (energía, vapor, agua, aire comprimido y amoníaco), la automatización y digitalización de la medición de estos sistemas y el acompañamiento operacional en la implementación de los proyectos.;Autopista Norte Km 30, vía Tocancipá, Cundinamarca;;
1076242124;Jhoan Esteban Sanchez Villalba;I&S Cervecería de Tocancipá;jhonysan09@gmail.com;3132579156;Por confirmar;Por confirmar;Apoyarás al área de Ingeniería y Servicios (I&S) de la Cervecería de Tocancipá en la optimización de consumos de los sistemas de soporte (energía, vapor, agua, aire comprimido y amoníaco), la automatización y digitalización de la medición de estos sistemas y el acompañamiento operacional en la implementación de los proyectos.;Autopista Norte Km 30, vía Tocancipá, Cundinamarca;;
1003190023;JORGE ALDANA RUIZ;I&S Cervecería de Tocancipá;aldanaruizjorgeeliecer@gmail.com; 300 8840493;Por confirmar;Por confirmar;Apoyarás al área de Ingeniería y Servicios (I&S) de la Cervecería de Tocancipá en la optimización de consumos de los sistemas de soporte (energía, vapor, agua, aire comprimido y amoníaco), la automatización y digitalización de la medición de estos sistemas y el acompañamiento operacional en la implementación de los proyectos.;Autopista Norte Km 30, vía Tocancipá, Cundinamarca;;
1034658511;Gabriela Cortes Urrego;I&S Cervecería de Tocancipá;gabrielacorteslmve@gmail.com;3156386690;Por confirmar;Por confirmar;Apoyarás al área de Ingeniería y Servicios (I&S) de la Cervecería de Tocancipá en la optimización de consumos de los sistemas de soporte (energía, vapor, agua, aire comprimido y amoníaco), la automatización y digitalización de la medición de estos sistemas y el acompañamiento operacional en la implementación de los proyectos.;Autopista Norte Km 30, vía Tocancipá, Cundinamarca;;
1027281762;Sofia Polanco Tietje;Logística T2 (Safety & DPO T2);sofipolancot@gmail.com; 311 8825484;14 de octubre de 2026;7:30 a.m. a 11:30 a.m.;Apoyarás al equipo de Logística T2 (Safety & DPO) en el análisis de datos de telemetría para identificar comportamientos de riesgo, la gestión de actos y condiciones inseguras, el monitoreo de rutas SIF y la elaboración de reportes y presentaciones gerenciales con indicadores y tendencias, además de apoyar al equipo DPO.;Carrera 53A # 127-35, Bogotá;;
1001297216;Andres Correa;Logística T2 (Safety & DPO T2);pipecorreanegro@gmail.com;3014451602;14 de octubre de 2026;7:30 a.m. a 11:30 a.m.;Apoyarás al equipo de Logística T2 (Safety & DPO) en el análisis de datos de telemetría para identificar comportamientos de riesgo, la gestión de actos y condiciones inseguras, el monitoreo de rutas SIF y la elaboración de reportes y presentaciones gerenciales con indicadores y tendencias, además de apoyar al equipo DPO.;Carrera 53A # 127-35, Bogotá;;
1031806221;Lina Paola Parra Lobo;Logística T2 (Safety & DPO T2);linapaolaparralobo15@gmail.com; 313 3998174;14 de octubre de 2026;7:30 a.m. a 11:30 a.m.;Apoyarás al equipo de Logística T2 (Safety & DPO) en el análisis de datos de telemetría para identificar comportamientos de riesgo, la gestión de actos y condiciones inseguras, el monitoreo de rutas SIF y la elaboración de reportes y presentaciones gerenciales con indicadores y tendencias, además de apoyar al equipo DPO.;Carrera 53A # 127-35, Bogotá;;
1000366435;Nicolás Barros;Logística T2 (Safety & DPO T2);correonavia@gmail.com; 322 4541839;14 de octubre de 2026;7:30 a.m. a 11:30 a.m.;Apoyarás al equipo de Logística T2 (Safety & DPO) en el análisis de datos de telemetría para identificar comportamientos de riesgo, la gestión de actos y condiciones inseguras, el monitoreo de rutas SIF y la elaboración de reportes y presentaciones gerenciales con indicadores y tendencias, además de apoyar al equipo DPO.;Carrera 53A # 127-35, Bogotá;;
1023302706;Andrea Ochoa Pico;Logística T2 (Safety & DPO T2);andreaochoa516@gmail.com; 311 5366519;14 de octubre de 2026;7:30 a.m. a 11:30 a.m.;Apoyarás al equipo de Logística T2 (Safety & DPO) en el análisis de datos de telemetría para identificar comportamientos de riesgo, la gestión de actos y condiciones inseguras, el monitoreo de rutas SIF y la elaboración de reportes y presentaciones gerenciales con indicadores y tendencias, además de apoyar al equipo DPO.;Carrera 53A # 127-35, Bogotá;;
1095788078;Estefanía Durán Luna;Logística T2 (Safety & DPO T2);estefaniaduran.w@gmail.com; 320 4915165;14 de octubre de 2026;7:30 a.m. a 11:30 a.m.;Apoyarás al equipo de Logística T2 (Safety & DPO) en el análisis de datos de telemetría para identificar comportamientos de riesgo, la gestión de actos y condiciones inseguras, el monitoreo de rutas SIF y la elaboración de reportes y presentaciones gerenciales con indicadores y tendencias, además de apoyar al equipo DPO.;Carrera 53A # 127-35, Bogotá;;
1013260603;Tomás Felipe Sandoval Rojas;Logística T2 (Safety & DPO T2);tomas101220sandovalr@gmail.com; 315 6071565;14 de octubre de 2026;7:30 a.m. a 11:30 a.m.;Apoyarás al equipo de Logística T2 (Safety & DPO) en el análisis de datos de telemetría para identificar comportamientos de riesgo, la gestión de actos y condiciones inseguras, el monitoreo de rutas SIF y la elaboración de reportes y presentaciones gerenciales con indicadores y tendencias, además de apoyar al equipo DPO.;Carrera 53A # 127-35, Bogotá;;
1000708616;Juan Diego Perez Cristancho;Logística T2 (Safety & DPO T2);juandiperezcris@hotmail.com; 311 2459346;14 de octubre de 2026;7:30 a.m. a 11:30 a.m.;Apoyarás al equipo de Logística T2 (Safety & DPO) en el análisis de datos de telemetría para identificar comportamientos de riesgo, la gestión de actos y condiciones inseguras, el monitoreo de rutas SIF y la elaboración de reportes y presentaciones gerenciales con indicadores y tendencias, además de apoyar al equipo DPO.;Carrera 53A # 127-35, Bogotá;;
1031648377;Wilson Andrés Ruiz Bohórquez;Logística T2 (Safety & DPO T2);wilsiton16ruiz@gmail.com;0;14 de octubre de 2026;7:30 a.m. a 11:30 a.m.;Apoyarás al equipo de Logística T2 (Safety & DPO) en el análisis de datos de telemetría para identificar comportamientos de riesgo, la gestión de actos y condiciones inseguras, el monitoreo de rutas SIF y la elaboración de reportes y presentaciones gerenciales con indicadores y tendencias, además de apoyar al equipo DPO.;Carrera 53A # 127-35, Bogotá;;
1031641717;Tatiana Vargas Lara;Logística T2 (Safety & DPO T2);sharitvargas@usantotomas.edu.co;313 8429527;14 de octubre de 2026;7:30 a.m. a 11:30 a.m.;Apoyarás al equipo de Logística T2 (Safety & DPO) en el análisis de datos de telemetría para identificar comportamientos de riesgo, la gestión de actos y condiciones inseguras, el monitoreo de rutas SIF y la elaboración de reportes y presentaciones gerenciales con indicadores y tendencias, además de apoyar al equipo DPO.;Carrera 53A # 127-35, Bogotá;;
1000180082;Isabella Sanin Osorio;Logística T2 (Safety & DPO T2);isabellasanin2003@gmail.com;3016201098;14 de octubre de 2026;7:30 a.m. a 11:30 a.m.;Apoyarás al equipo de Logística T2 (Safety & DPO) en el análisis de datos de telemetría para identificar comportamientos de riesgo, la gestión de actos y condiciones inseguras, el monitoreo de rutas SIF y la elaboración de reportes y presentaciones gerenciales con indicadores y tendencias, además de apoyar al equipo DPO.;Carrera 53A # 127-35, Bogotá;;
1023372339;Carolina Hernandez;Logística T2 (Safety & DPO T2);carolinaandrea6470@gmail.com;3106091858;14 de octubre de 2026;7:30 a.m. a 11:30 a.m.;Apoyarás al equipo de Logística T2 (Safety & DPO) en el análisis de datos de telemetría para identificar comportamientos de riesgo, la gestión de actos y condiciones inseguras, el monitoreo de rutas SIF y la elaboración de reportes y presentaciones gerenciales con indicadores y tendencias, además de apoyar al equipo DPO.;Carrera 53A # 127-35, Bogotá;;
1018372262;Paula Fernanda Rueda Machado;Logística T2 Regional Andes;ruedafernanda385@gmail.com; 324 3157796;Por confirmar;Por confirmar;Apoyarás al equipo de Logística T2 de la Regional Andes en el seguimiento a la implementación de VPO y al avance de las metas mensuales de cada centro de distribución, el reporte diario del estado de la operación regional, la construcción de dashboards y el seguimiento de la preventa D+1.;Carrera 50A # 38-39, Itagüí, Antioquia;;
1023523538;Yesica Alejandra Gallo Botero;Logística T2 Regional Andes;yesica.gallo1@udea.edu.co; 310 8795621;Por confirmar;Por confirmar;Apoyarás al equipo de Logística T2 de la Regional Andes en el seguimiento a la implementación de VPO y al avance de las metas mensuales de cada centro de distribución, el reporte diario del estado de la operación regional, la construcción de dashboards y el seguimiento de la preventa D+1.;Carrera 50A # 38-39, Itagüí, Antioquia;;
1037670821;Jhon Sebastian Giraldo Pineda;Logística T2 Regional Andes;sebasgiraldo001@gmail.com;3113598719;Por confirmar;Por confirmar;Apoyarás al equipo de Logística T2 de la Regional Andes en el seguimiento a la implementación de VPO y al avance de las metas mensuales de cada centro de distribución, el reporte diario del estado de la operación regional, la construcción de dashboards y el seguimiento de la preventa D+1.;Carrera 50A # 38-39, Itagüí, Antioquia;;
1091353229;Danna Montilla Suarez;Logística T2 Regional Andes;dannamontilla77@gmail.com;3209171357;Por confirmar;Por confirmar;Apoyarás al equipo de Logística T2 de la Regional Andes en el seguimiento a la implementación de VPO y al avance de las metas mensuales de cada centro de distribución, el reporte diario del estado de la operación regional, la construcción de dashboards y el seguimiento de la preventa D+1.;Carrera 50A # 38-39, Itagüí, Antioquia;;
1025880974;Manuela Lopera Monsalve;Logística T2 Regional Andes;manulopera2013@gmail.com; 321 6544399;Por confirmar;Por confirmar;Apoyarás al equipo de Logística T2 de la Regional Andes en el seguimiento a la implementación de VPO y al avance de las metas mensuales de cada centro de distribución, el reporte diario del estado de la operación regional, la construcción de dashboards y el seguimiento de la preventa D+1.;Carrera 50A # 38-39, Itagüí, Antioquia;;
1006110276;Alejandro Guerrero Arango;Logística T2 Regional Andes;alejoguerrero2709@gmail.com; 316 8227783;Por confirmar;Por confirmar;Apoyarás al equipo de Logística T2 de la Regional Andes en el seguimiento a la implementación de VPO y al avance de las metas mensuales de cada centro de distribución, el reporte diario del estado de la operación regional, la construcción de dashboards y el seguimiento de la preventa D+1.;Carrera 50A # 38-39, Itagüí, Antioquia;;
1023523325;María Fernanda Bedoya Escobar;Logística T2 Regional Andes;mbedoya87@unilasallista.edu.co; 321 8212815;Por confirmar;Por confirmar;Apoyarás al equipo de Logística T2 de la Regional Andes en el seguimiento a la implementación de VPO y al avance de las metas mensuales de cada centro de distribución, el reporte diario del estado de la operación regional, la construcción de dashboards y el seguimiento de la preventa D+1.;Carrera 50A # 38-39, Itagüí, Antioquia;;
1034987448;Juan José Zapata;Logística T2 Regional Andes;jjzv2004@gmail.com; 321 5798177;Por confirmar;Por confirmar;Apoyarás al equipo de Logística T2 de la Regional Andes en el seguimiento a la implementación de VPO y al avance de las metas mensuales de cada centro de distribución, el reporte diario del estado de la operación regional, la construcción de dashboards y el seguimiento de la preventa D+1.;Carrera 50A # 38-39, Itagüí, Antioquia;;
1043295614;Angie Sofia Cuellar Capella;Logística T2 Regional Andes;angiecuellar1213@gmail.com; 300 6894859;Por confirmar;Por confirmar;Apoyarás al equipo de Logística T2 de la Regional Andes en el seguimiento a la implementación de VPO y al avance de las metas mensuales de cada centro de distribución, el reporte diario del estado de la operación regional, la construcción de dashboards y el seguimiento de la preventa D+1.;Carrera 50A # 38-39, Itagüí, Antioquia;;
1068417699;Daniel Payares;Logística T2 Regional Andes;payaresdaniel20@gmail.com; 319 3885124;Por confirmar;Por confirmar;Apoyarás al equipo de Logística T2 de la Regional Andes en el seguimiento a la implementación de VPO y al avance de las metas mensuales de cada centro de distribución, el reporte diario del estado de la operación regional, la construcción de dashboards y el seguimiento de la preventa D+1.;Carrera 50A # 38-39, Itagüí, Antioquia;;
1000795796;Sofia Peña Hernández;MKT Balance choice;sofipeh.est@gmail.com; 320 3103680;14 de octubre de 2026;1:30 p.m. a 5:30 p.m.;Apoyarás al equipo de Marketing de Balance Choice en la ejecución de campañas y activaciones de marca para eventos masivos y deportivos a nivel nacional, el relacionamiento y seguimiento a proveedores, el envío y control de producto y material promocional, y la estructuración de términos y condiciones de las dinámicas comerciales.;Carrera 53A # 127-35, Bogotá;;
1014861896;Ana Sofía Bernal Arango;MKT Balance choice;anbernala@unal.edu.co; 321 4233785;14 de octubre de 2026;1:30 p.m. a 5:30 p.m.;Apoyarás al equipo de Marketing de Balance Choice en la ejecución de campañas y activaciones de marca para eventos masivos y deportivos a nivel nacional, el relacionamiento y seguimiento a proveedores, el envío y control de producto y material promocional, y la estructuración de términos y condiciones de las dinámicas comerciales.;Carrera 53A # 127-35, Bogotá;;
1013036441;Federico Soto Flórez;MKT Balance choice;federicosflorez@gmail.com; 315 3084237;14 de octubre de 2026;1:30 p.m. a 5:30 p.m.;Apoyarás al equipo de Marketing de Balance Choice en la ejecución de campañas y activaciones de marca para eventos masivos y deportivos a nivel nacional, el relacionamiento y seguimiento a proveedores, el envío y control de producto y material promocional, y la estructuración de términos y condiciones de las dinámicas comerciales.;Carrera 53A # 127-35, Bogotá;;
1016946062;Daniela Alexandra Alcorro Ramírez;MKT Balance choice;alcorrodaniela@gmail.com; 315 4665567;14 de octubre de 2026;1:30 p.m. a 5:30 p.m.;Apoyarás al equipo de Marketing de Balance Choice en la ejecución de campañas y activaciones de marca para eventos masivos y deportivos a nivel nacional, el relacionamiento y seguimiento a proveedores, el envío y control de producto y material promocional, y la estructuración de términos y condiciones de las dinámicas comerciales.;Carrera 53A # 127-35, Bogotá;;
1012339115;David Alejandro Ospitia Novoa;MKT Balance choice;davida.ospitian@utadeo.edu.co;0;14 de octubre de 2026;1:30 p.m. a 5:30 p.m.;Apoyarás al equipo de Marketing de Balance Choice en la ejecución de campañas y activaciones de marca para eventos masivos y deportivos a nivel nacional, el relacionamiento y seguimiento a proveedores, el envío y control de producto y material promocional, y la estructuración de términos y condiciones de las dinámicas comerciales.;Carrera 53A # 127-35, Bogotá;;
1017923697;Isabella Palacio Toro;MKT Balance choice;isapalatoro@gmail.com; 316 8321353;14 de octubre de 2026;1:30 p.m. a 5:30 p.m.;Apoyarás al equipo de Marketing de Balance Choice en la ejecución de campañas y activaciones de marca para eventos masivos y deportivos a nivel nacional, el relacionamiento y seguimiento a proveedores, el envío y control de producto y material promocional, y la estructuración de términos y condiciones de las dinámicas comerciales.;Carrera 53A # 127-35, Bogotá;;
1097490304;Estefania Berdugo;MKT Balance choice;estefaniaberdugo26@gmail.com;3178025848;14 de octubre de 2026;1:30 p.m. a 5:30 p.m.;Apoyarás al equipo de Marketing de Balance Choice en la ejecución de campañas y activaciones de marca para eventos masivos y deportivos a nivel nacional, el relacionamiento y seguimiento a proveedores, el envío y control de producto y material promocional, y la estructuración de términos y condiciones de las dinámicas comerciales.;Carrera 53A # 127-35, Bogotá;;
1014738839;Andres Gerardo Rodriguez Martinez;MKT Balance choice;andresrodriguezpracticas@gmail.com; 350 8504117;14 de octubre de 2026;1:30 p.m. a 5:30 p.m.;Apoyarás al equipo de Marketing de Balance Choice en la ejecución de campañas y activaciones de marca para eventos masivos y deportivos a nivel nacional, el relacionamiento y seguimiento a proveedores, el envío y control de producto y material promocional, y la estructuración de términos y condiciones de las dinámicas comerciales.;Carrera 53A # 127-35, Bogotá;;
1011085210;Laura Valentina Copete Tinjaca;MKT Balance choice;laurav.copetet@utadeo.edu.co;3133763400;14 de octubre de 2026;1:30 p.m. a 5:30 p.m.;Apoyarás al equipo de Marketing de Balance Choice en la ejecución de campañas y activaciones de marca para eventos masivos y deportivos a nivel nacional, el relacionamiento y seguimiento a proveedores, el envío y control de producto y material promocional, y la estructuración de términos y condiciones de las dinámicas comerciales.;Carrera 53A # 127-35, Bogotá;;
1014656615;Benjamín Camacho Angel;MKT Balance choice;benjicamacho2003@gmail.com; 315 3327189;14 de octubre de 2026;1:30 p.m. a 5:30 p.m.;Apoyarás al equipo de Marketing de Balance Choice en la ejecución de campañas y activaciones de marca para eventos masivos y deportivos a nivel nacional, el relacionamiento y seguimiento a proveedores, el envío y control de producto y material promocional, y la estructuración de términos y condiciones de las dinámicas comerciales.;Carrera 53A # 127-35, Bogotá;;
1001204257;Valentina Jimenez Diaz;MKT Balance choice;valenjimenez100@gmail.com;3107511782;14 de octubre de 2026;1:30 p.m. a 5:30 p.m.;Apoyarás al equipo de Marketing de Balance Choice en la ejecución de campañas y activaciones de marca para eventos masivos y deportivos a nivel nacional, el relacionamiento y seguimiento a proveedores, el envío y control de producto y material promocional, y la estructuración de términos y condiciones de las dinámicas comerciales.;Carrera 53A # 127-35, Bogotá;;
1014976849;Nicole Alejandra Plazas Cufiño;MKT Balance choice;plazasc.nalejandra@javeriana.edu.co;3176131515;14 de octubre de 2026;1:30 p.m. a 5:30 p.m.;Apoyarás al equipo de Marketing de Balance Choice en la ejecución de campañas y activaciones de marca para eventos masivos y deportivos a nivel nacional, el relacionamiento y seguimiento a proveedores, el envío y control de producto y material promocional, y la estructuración de términos y condiciones de las dinámicas comerciales.;Carrera 53A # 127-35, Bogotá;;
1016946776;Maria Sofia Silva Vargas;MKT Core brands;mssilva@unbosque.edu.co; 320 2851472;14 de octubre de 2026;1:30 p.m. a 5:30 p.m.;Apoyarás al equipo de Marketing de Core Brands en el seguimiento al performance de las campañas de marcas como Águila y Costeña a través de dashboards, la administración y el seguimiento del presupuesto de marketing, y la adaptación de conceptos creativos a distintos canales: digital, punto de venta y activaciones.;Carrera 53A # 127-35, Bogotá;;
1025529261;Paula Andrea Villanueva Beleño;MKT Core brands;paula.14.villanueva@gmail.com; 311 2327835;14 de octubre de 2026;1:30 p.m. a 5:30 p.m.;Apoyarás al equipo de Marketing de Core Brands en el seguimiento al performance de las campañas de marcas como Águila y Costeña a través de dashboards, la administración y el seguimiento del presupuesto de marketing, y la adaptación de conceptos creativos a distintos canales: digital, punto de venta y activaciones.;Carrera 53A # 127-35, Bogotá;;
1082850774;Saray Cabrera Henríquez;MKT Core brands;melisacesaray123@gmail.com;302 3978224;14 de octubre de 2026;1:30 p.m. a 5:30 p.m.;Apoyarás al equipo de Marketing de Core Brands en el seguimiento al performance de las campañas de marcas como Águila y Costeña a través de dashboards, la administración y el seguimiento del presupuesto de marketing, y la adaptación de conceptos creativos a distintos canales: digital, punto de venta y activaciones.;Carrera 53A # 127-35, Bogotá;;
1013106151;Luisa Valencia;MKT Core brands;luisavapa@unisabana.edu.co; 322 8919762;14 de octubre de 2026;1:30 p.m. a 5:30 p.m.;Apoyarás al equipo de Marketing de Core Brands en el seguimiento al performance de las campañas de marcas como Águila y Costeña a través de dashboards, la administración y el seguimiento del presupuesto de marketing, y la adaptación de conceptos creativos a distintos canales: digital, punto de venta y activaciones.;Carrera 53A # 127-35, Bogotá;;
1005220378;Paola Lozada Estrella;MKT Core brands;paola.lozadae@gmail.com; 313 2540752;14 de octubre de 2026;1:30 p.m. a 5:30 p.m.;Apoyarás al equipo de Marketing de Core Brands en el seguimiento al performance de las campañas de marcas como Águila y Costeña a través de dashboards, la administración y el seguimiento del presupuesto de marketing, y la adaptación de conceptos creativos a distintos canales: digital, punto de venta y activaciones.;Carrera 53A # 127-35, Bogotá;;
1027210266;Paula Camila Sánchez Talero;MKT Core brands;paulacamilasancheztalero@gmail.com;0;14 de octubre de 2026;1:30 p.m. a 5:30 p.m.;Apoyarás al equipo de Marketing de Core Brands en el seguimiento al performance de las campañas de marcas como Águila y Costeña a través de dashboards, la administración y el seguimiento del presupuesto de marketing, y la adaptación de conceptos creativos a distintos canales: digital, punto de venta y activaciones.;Carrera 53A # 127-35, Bogotá;;
1010001901;Ana Maria Granada Rincon;MKT Core brands;anamariagranada0@gmail.com;316 6382624;14 de octubre de 2026;1:30 p.m. a 5:30 p.m.;Apoyarás al equipo de Marketing de Core Brands en el seguimiento al performance de las campañas de marcas como Águila y Costeña a través de dashboards, la administración y el seguimiento del presupuesto de marketing, y la adaptación de conceptos creativos a distintos canales: digital, punto de venta y activaciones.;Carrera 53A # 127-35, Bogotá;;
1013257717;Mariana Millán;MKT Core brands;m.cardenasm2@uniandes.edu.co; 300 4247308;14 de octubre de 2026;1:30 p.m. a 5:30 p.m.;Apoyarás al equipo de Marketing de Core Brands en el seguimiento al performance de las campañas de marcas como Águila y Costeña a través de dashboards, la administración y el seguimiento del presupuesto de marketing, y la adaptación de conceptos creativos a distintos canales: digital, punto de venta y activaciones.;Carrera 53A # 127-35, Bogotá;;
1000954209;María del Mar Henao Sánchez;MKT Core brands;mariadelmarhenaos@gmail.com; 316 2331982;14 de octubre de 2026;1:30 p.m. a 5:30 p.m.;Apoyarás al equipo de Marketing de Core Brands en el seguimiento al performance de las campañas de marcas como Águila y Costeña a través de dashboards, la administración y el seguimiento del presupuesto de marketing, y la adaptación de conceptos creativos a distintos canales: digital, punto de venta y activaciones.;Carrera 53A # 127-35, Bogotá;;
1012338729;Juan Camilo Pérez Beltrán;MKT Core brands;camiloperezb1106@gmail.com; 321 2201787;14 de octubre de 2026;1:30 p.m. a 5:30 p.m.;Apoyarás al equipo de Marketing de Core Brands en el seguimiento al performance de las campañas de marcas como Águila y Costeña a través de dashboards, la administración y el seguimiento del presupuesto de marketing, y la adaptación de conceptos creativos a distintos canales: digital, punto de venta y activaciones.;Carrera 53A # 127-35, Bogotá;;
1010073275;Nicolas Castro Pacheco;MKT High end;nicolascastro375@gmail.com; 314 5427700;14 de octubre de 2026;1:30 p.m. a 5:30 p.m.;Apoyarás al equipo de Marketing de High End en la ejecución y seguimiento de estrategias de marketing, activaciones de marca y campañas publicitarias, el análisis del desempeño de las marcas y del mercado, el seguimiento del presupuesto de marketing y el apoyo al posicionamiento y crecimiento del portafolio.;Carrera 53A # 127-35, Bogotá;;
1010960642;Valery Dayann Moreno Arias;MKT High end;vdma1000@gmail.com;0;14 de octubre de 2026;1:30 p.m. a 5:30 p.m.;Apoyarás al equipo de Marketing de High End en la ejecución y seguimiento de estrategias de marketing, activaciones de marca y campañas publicitarias, el análisis del desempeño de las marcas y del mercado, el seguimiento del presupuesto de marketing y el apoyo al posicionamiento y crecimiento del portafolio.;Carrera 53A # 127-35, Bogotá;;
1083572887;Iralis Torregroza Sarria;MKT High end;iraisatorsa2510@gmail.com; 322 5830965;14 de octubre de 2026;1:30 p.m. a 5:30 p.m.;Apoyarás al equipo de Marketing de High End en la ejecución y seguimiento de estrategias de marketing, activaciones de marca y campañas publicitarias, el análisis del desempeño de las marcas y del mercado, el seguimiento del presupuesto de marketing y el apoyo al posicionamiento y crecimiento del portafolio.;Carrera 53A # 127-35, Bogotá;;
1000612793;Juan Andrés López Escalante;MKT High end;juanandreslopez777@gmail.com; 318 6537732;14 de octubre de 2026;1:30 p.m. a 5:30 p.m.;Apoyarás al equipo de Marketing de High End en la ejecución y seguimiento de estrategias de marketing, activaciones de marca y campañas publicitarias, el análisis del desempeño de las marcas y del mercado, el seguimiento del presupuesto de marketing y el apoyo al posicionamiento y crecimiento del portafolio.;Carrera 53A # 127-35, Bogotá;;
1011092812;Cristian David Duarte Rios;MKT High end;crisdaduarteri@gmail.com; 322 4654910;14 de octubre de 2026;1:30 p.m. a 5:30 p.m.;Apoyarás al equipo de Marketing de High End en la ejecución y seguimiento de estrategias de marketing, activaciones de marca y campañas publicitarias, el análisis del desempeño de las marcas y del mercado, el seguimiento del presupuesto de marketing y el apoyo al posicionamiento y crecimiento del portafolio.;Carrera 53A # 127-35, Bogotá;;
1012339343;Karol Andrea Oviedo Tulay;MKT High end;karolita.tulay@gmail.com;3246764783;14 de octubre de 2026;1:30 p.m. a 5:30 p.m.;Apoyarás al equipo de Marketing de High End en la ejecución y seguimiento de estrategias de marketing, activaciones de marca y campañas publicitarias, el análisis del desempeño de las marcas y del mercado, el seguimiento del presupuesto de marketing y el apoyo al posicionamiento y crecimiento del portafolio.;Carrera 53A # 127-35, Bogotá;;
1044602243;Miguel Ángel De Moya Gómez;MKT High end;miguelangeldemoyagomez2004@gmail.com;+32 3 380 64 19;14 de octubre de 2026;1:30 p.m. a 5:30 p.m.;Apoyarás al equipo de Marketing de High End en la ejecución y seguimiento de estrategias de marketing, activaciones de marca y campañas publicitarias, el análisis del desempeño de las marcas y del mercado, el seguimiento del presupuesto de marketing y el apoyo al posicionamiento y crecimiento del portafolio.;Carrera 53A # 127-35, Bogotá;;
1015400341;Karoll Velasquez;MKT High end;karollvelasquez0406@gmail.com;0;14 de octubre de 2026;1:30 p.m. a 5:30 p.m.;Apoyarás al equipo de Marketing de High End en la ejecución y seguimiento de estrategias de marketing, activaciones de marca y campañas publicitarias, el análisis del desempeño de las marcas y del mercado, el seguimiento del presupuesto de marketing y el apoyo al posicionamiento y crecimiento del portafolio.;Carrera 53A # 127-35, Bogotá;;
1013259195;Samuel Valencia Toro;MKT High end;samuelvalenciatoro6@gmail.com; 310 4858949;14 de octubre de 2026;1:30 p.m. a 5:30 p.m.;Apoyarás al equipo de Marketing de High End en la ejecución y seguimiento de estrategias de marketing, activaciones de marca y campañas publicitarias, el análisis del desempeño de las marcas y del mercado, el seguimiento del presupuesto de marketing y el apoyo al posicionamiento y crecimiento del portafolio.;Carrera 53A # 127-35, Bogotá;;
1025060402;Valentina Ariza;MKT High end;valeariza31@gmail.com;3012747419;14 de octubre de 2026;1:30 p.m. a 5:30 p.m.;Apoyarás al equipo de Marketing de High End en la ejecución y seguimiento de estrategias de marketing, activaciones de marca y campañas publicitarias, el análisis del desempeño de las marcas y del mercado, el seguimiento del presupuesto de marketing y el apoyo al posicionamiento y crecimiento del portafolio.;Carrera 53A # 127-35, Bogotá;;
1011320051;María Alejandra Méndez Alcalá;MKT Premium brands;mariaalemendeza@gmail.com; 311 2694927;14 de octubre de 2026;1:30 p.m. a 5:30 p.m.;Apoyarás al equipo de Marketing de Premium Brands en la elaboración de términos y condiciones de las dinámicas de marca, la gestión de envíos, el apoyo al community manager con contenidos, el seguimiento a plataformas como TaDa y la gestión de la relación y los pagos con proveedores.;Carrera 53A # 127-35, Bogotá;;
1032876485;Valentina Bohorquez;MKT Premium brands;vbohorqueznino@gmail.com;3115706314;14 de octubre de 2026;1:30 p.m. a 5:30 p.m.;Apoyarás al equipo de Marketing de Premium Brands en la elaboración de términos y condiciones de las dinámicas de marca, la gestión de envíos, el apoyo al community manager con contenidos, el seguimiento a plataformas como TaDa y la gestión de la relación y los pagos con proveedores.;Carrera 53A # 127-35, Bogotá;;
1054283488;Mariana Mojica Hernandez;MKT Premium brands;marimojica898@gmail.com;3203673260;14 de octubre de 2026;1:30 p.m. a 5:30 p.m.;Apoyarás al equipo de Marketing de Premium Brands en la elaboración de términos y condiciones de las dinámicas de marca, la gestión de envíos, el apoyo al community manager con contenidos, el seguimiento a plataformas como TaDa y la gestión de la relación y los pagos con proveedores.;Carrera 53A # 127-35, Bogotá;;
1011321660;Camila Téllez Ortiz;MKT Premium brands;camtellezz@gmail.com; 310 7994203;14 de octubre de 2026;1:30 p.m. a 5:30 p.m.;Apoyarás al equipo de Marketing de Premium Brands en la elaboración de términos y condiciones de las dinámicas de marca, la gestión de envíos, el apoyo al community manager con contenidos, el seguimiento a plataformas como TaDa y la gestión de la relación y los pagos con proveedores.;Carrera 53A # 127-35, Bogotá;;
1066866461;Maria Mallarino;MKT Premium brands;mariamallarino19@gmail.com;301 6356209;14 de octubre de 2026;1:30 p.m. a 5:30 p.m.;Apoyarás al equipo de Marketing de Premium Brands en la elaboración de términos y condiciones de las dinámicas de marca, la gestión de envíos, el apoyo al community manager con contenidos, el seguimiento a plataformas como TaDa y la gestión de la relación y los pagos con proveedores.;Carrera 53A # 127-35, Bogotá;;
1014860276;Isabella Sánchez;MKT Premium brands;isanchezsanchez1104@gmail.com;3102646772;14 de octubre de 2026;1:30 p.m. a 5:30 p.m.;Apoyarás al equipo de Marketing de Premium Brands en la elaboración de términos y condiciones de las dinámicas de marca, la gestión de envíos, el apoyo al community manager con contenidos, el seguimiento a plataformas como TaDa y la gestión de la relación y los pagos con proveedores.;Carrera 53A # 127-35, Bogotá;;
1023082974;Laura Plazas;MKT Premium brands;lauraplba@unisabana.edu.co;302 4653702;14 de octubre de 2026;1:30 p.m. a 5:30 p.m.;Apoyarás al equipo de Marketing de Premium Brands en la elaboración de términos y condiciones de las dinámicas de marca, la gestión de envíos, el apoyo al community manager con contenidos, el seguimiento a plataformas como TaDa y la gestión de la relación y los pagos con proveedores.;Carrera 53A # 127-35, Bogotá;;
1013260068;Jose Suárez;MKT Premium brands;josealejandrosv05@gmail.com;3158221182;14 de octubre de 2026;1:30 p.m. a 5:30 p.m.;Apoyarás al equipo de Marketing de Premium Brands en la elaboración de términos y condiciones de las dinámicas de marca, la gestión de envíos, el apoyo al community manager con contenidos, el seguimiento a plataformas como TaDa y la gestión de la relación y los pagos con proveedores.;Carrera 53A # 127-35, Bogotá;;
1002479999;Cristian Camilo Mejia Olarte;MKT Premium brands;olartec130702@gmail.com; 313 2005007;14 de octubre de 2026;1:30 p.m. a 5:30 p.m.;Apoyarás al equipo de Marketing de Premium Brands en la elaboración de términos y condiciones de las dinámicas de marca, la gestión de envíos, el apoyo al community manager con contenidos, el seguimiento a plataformas como TaDa y la gestión de la relación y los pagos con proveedores.;Carrera 53A # 127-35, Bogotá;;
1019986060;Juliana Duarte Garzón;MKT Premium brands;julidg05@gmail.com;3166852996;14 de octubre de 2026;1:30 p.m. a 5:30 p.m.;Apoyarás al equipo de Marketing de Premium Brands en la elaboración de términos y condiciones de las dinámicas de marca, la gestión de envíos, el apoyo al community manager con contenidos, el seguimiento a plataformas como TaDa y la gestión de la relación y los pagos con proveedores.;Carrera 53A # 127-35, Bogotá;;
1021392572;Sofia Ramirez;MKT Premium brands;sofiaramirez2442@gmail.com; 320 4770807;14 de octubre de 2026;1:30 p.m. a 5:30 p.m.;Apoyarás al equipo de Marketing de Premium Brands en la elaboración de términos y condiciones de las dinámicas de marca, la gestión de envíos, el apoyo al community manager con contenidos, el seguimiento a plataformas como TaDa y la gestión de la relación y los pagos con proveedores.;Carrera 53A # 127-35, Bogotá;;
1014736816;Jeidy Yuliana Beltran Triana;People Support 1;jeidyyulianabeltrantriana@gmail.com; 310 3765539;14 de octubre de 2026;7:30 a.m. a 11:30 a.m.;Apoyarás al equipo de People Support en el soporte a las áreas de Marketing y Legal: seguimiento a solicitudes y procesos de People, diseño de estrategias y piezas de comunicación interna, logística de actividades de engagement, reconocimiento y bienestar, y actualización de bases de datos y reportes de talento.;Carrera 53A # 127-35, Bogotá;;
1077142999;Karen Lizeth López Castro;People Support 1;karenlizethlopezcastro@gmail.com; 322 8756281;14 de octubre de 2026;7:30 a.m. a 11:30 a.m.;Apoyarás al equipo de People Support en el soporte a las áreas de Marketing y Legal: seguimiento a solicitudes y procesos de People, diseño de estrategias y piezas de comunicación interna, logística de actividades de engagement, reconocimiento y bienestar, y actualización de bases de datos y reportes de talento.;Carrera 53A # 127-35, Bogotá;;
1057571944;VERONICA SALAMANCA BECERRA;People Support 1;veronica.salamanca028@gmail.com; 313 8737070;14 de octubre de 2026;7:30 a.m. a 11:30 a.m.;Apoyarás al equipo de People Support en el soporte a las áreas de Marketing y Legal: seguimiento a solicitudes y procesos de People, diseño de estrategias y piezas de comunicación interna, logística de actividades de engagement, reconocimiento y bienestar, y actualización de bases de datos y reportes de talento.;Carrera 53A # 127-35, Bogotá;;
1027280496;Ana Maria Elena Castro Morales;People Support 1;ana.castromora9@gmail.com; 315 0190006;14 de octubre de 2026;7:30 a.m. a 11:30 a.m.;Apoyarás al equipo de People Support en el soporte a las áreas de Marketing y Legal: seguimiento a solicitudes y procesos de People, diseño de estrategias y piezas de comunicación interna, logística de actividades de engagement, reconocimiento y bienestar, y actualización de bases de datos y reportes de talento.;Carrera 53A # 127-35, Bogotá;;
1021632752;Gabriela GUERRERO GARRIDO;People Support 1;g.guerrerog@uniandes.edu.co; 320 8538594;14 de octubre de 2026;7:30 a.m. a 11:30 a.m.;Apoyarás al equipo de People Support en el soporte a las áreas de Marketing y Legal: seguimiento a solicitudes y procesos de People, diseño de estrategias y piezas de comunicación interna, logística de actividades de engagement, reconocimiento y bienestar, y actualización de bases de datos y reportes de talento.;Carrera 53A # 127-35, Bogotá;;
1109186833;Ashlie Melissa Díaz Villanueva;People Support 1;am.diazv12@uniandes.edu.co;3197399170;14 de octubre de 2026;7:30 a.m. a 11:30 a.m.;Apoyarás al equipo de People Support en el soporte a las áreas de Marketing y Legal: seguimiento a solicitudes y procesos de People, diseño de estrategias y piezas de comunicación interna, logística de actividades de engagement, reconocimiento y bienestar, y actualización de bases de datos y reportes de talento.;Carrera 53A # 127-35, Bogotá;;
1013256959;Laura Sofía Osorio Morales;People Support 1;lauraosorio1422@gmail.com;3123483364;14 de octubre de 2026;7:30 a.m. a 11:30 a.m.;Apoyarás al equipo de People Support en el soporte a las áreas de Marketing y Legal: seguimiento a solicitudes y procesos de People, diseño de estrategias y piezas de comunicación interna, logística de actividades de engagement, reconocimiento y bienestar, y actualización de bases de datos y reportes de talento.;Carrera 53A # 127-35, Bogotá;;
1019153214;David Francisco Ortiz Sanchez;People Support 1;davidortisanchez@gmail.com; 302 2352387;14 de octubre de 2026;7:30 a.m. a 11:30 a.m.;Apoyarás al equipo de People Support en el soporte a las áreas de Marketing y Legal: seguimiento a solicitudes y procesos de People, diseño de estrategias y piezas de comunicación interna, logística de actividades de engagement, reconocimiento y bienestar, y actualización de bases de datos y reportes de talento.;Carrera 53A # 127-35, Bogotá;;
1011085214;Leonardo Enrique Ramírez Doncel;People Support 1;le.ramirezd1@uniandes.edu.co; 323 2300003;14 de octubre de 2026;7:30 a.m. a 11:30 a.m.;Apoyarás al equipo de People Support en el soporte a las áreas de Marketing y Legal: seguimiento a solicitudes y procesos de People, diseño de estrategias y piezas de comunicación interna, logística de actividades de engagement, reconocimiento y bienestar, y actualización de bases de datos y reportes de talento.;Carrera 53A # 127-35, Bogotá;;
1023872170;David Alejandro Pardo Niño;People Support 1;davidpardo.0627@gmail.com; 313 3567458;14 de octubre de 2026;7:30 a.m. a 11:30 a.m.;Apoyarás al equipo de People Support en el soporte a las áreas de Marketing y Legal: seguimiento a solicitudes y procesos de People, diseño de estrategias y piezas de comunicación interna, logística de actividades de engagement, reconocimiento y bienestar, y actualización de bases de datos y reportes de talento.;Carrera 53A # 127-35, Bogotá;;
1001309326;Adriana carolina Castillo;People Support 1;adrianacastillo612@gmail.com;3183529601;14 de octubre de 2026;7:30 a.m. a 11:30 a.m.;Apoyarás al equipo de People Support en el soporte a las áreas de Marketing y Legal: seguimiento a solicitudes y procesos de People, diseño de estrategias y piezas de comunicación interna, logística de actividades de engagement, reconocimiento y bienestar, y actualización de bases de datos y reportes de talento.;Carrera 53A # 127-35, Bogotá;;
1004360759;ANDRES TONCEL VASQUEZ;People Support 1;andrestoncel123@gmail.com; 304 3749681;14 de octubre de 2026;7:30 a.m. a 11:30 a.m.;Apoyarás al equipo de People Support en el soporte a las áreas de Marketing y Legal: seguimiento a solicitudes y procesos de People, diseño de estrategias y piezas de comunicación interna, logística de actividades de engagement, reconocimiento y bienestar, y actualización de bases de datos y reportes de talento.;Carrera 53A # 127-35, Bogotá;;
1021671198;Nasly Shajira Hernandez Riveros;People Support 2;nasly.hernandez@hotmail.com; 318 7876579;14 de octubre de 2026;1:30 p.m. a 5:30 p.m.;Apoyarás al equipo de People Support en el soporte a las áreas de Finanzas y BrewTech, participando en procesos de contratación, actividades de bienestar laboral y proyectos de engagement y retención del talento, mientras desarrollas tu trabajo de grado implementado en las áreas que acompaña el equipo.;Carrera 53A # 127-35, Bogotá;;
1011088751;Maria Paula Machuca Hortua;People Support 2;mmachucah@unal.edu.co;315 6775560;14 de octubre de 2026;1:30 p.m. a 5:30 p.m.;Apoyarás al equipo de People Support en el soporte a las áreas de Finanzas y BrewTech, participando en procesos de contratación, actividades de bienestar laboral y proyectos de engagement y retención del talento, mientras desarrollas tu trabajo de grado implementado en las áreas que acompaña el equipo.;Carrera 53A # 127-35, Bogotá;;
1019602144;Maria Jimena Becerra Beltran;People Support 2;mariajimenabecerra@gmail.com; 300 8890118;14 de octubre de 2026;1:30 p.m. a 5:30 p.m.;Apoyarás al equipo de People Support en el soporte a las áreas de Finanzas y BrewTech, participando en procesos de contratación, actividades de bienestar laboral y proyectos de engagement y retención del talento, mientras desarrollas tu trabajo de grado implementado en las áreas que acompaña el equipo.;Carrera 53A # 127-35, Bogotá;;
1033097520;Maria Lucia Serpa Martin;People Support 2;luciaserpa05@gmail.com; 301 5379266;14 de octubre de 2026;1:30 p.m. a 5:30 p.m.;Apoyarás al equipo de People Support en el soporte a las áreas de Finanzas y BrewTech, participando en procesos de contratación, actividades de bienestar laboral y proyectos de engagement y retención del talento, mientras desarrollas tu trabajo de grado implementado en las áreas que acompaña el equipo.;Carrera 53A # 127-35, Bogotá;;
1018432023;Angela Mendoza Eslava;People Support 2;angelamendozaeslava2000@gmail.com; 305 3700517;14 de octubre de 2026;1:30 p.m. a 5:30 p.m.;Apoyarás al equipo de People Support en el soporte a las áreas de Finanzas y BrewTech, participando en procesos de contratación, actividades de bienestar laboral y proyectos de engagement y retención del talento, mientras desarrollas tu trabajo de grado implementado en las áreas que acompaña el equipo.;Carrera 53A # 127-35, Bogotá;;
1010004486;Juan Manuel Ruiz Cruz;People Support 2;juanmarc1609@gmail.com;3182840338;14 de octubre de 2026;1:30 p.m. a 5:30 p.m.;Apoyarás al equipo de People Support en el soporte a las áreas de Finanzas y BrewTech, participando en procesos de contratación, actividades de bienestar laboral y proyectos de engagement y retención del talento, mientras desarrollas tu trabajo de grado implementado en las áreas que acompaña el equipo.;Carrera 53A # 127-35, Bogotá;;
1019603862;María José Cubides Alba;People Support 2;mariajose.cubides.a@gmail.com; 305 3502374;14 de octubre de 2026;1:30 p.m. a 5:30 p.m.;Apoyarás al equipo de People Support en el soporte a las áreas de Finanzas y BrewTech, participando en procesos de contratación, actividades de bienestar laboral y proyectos de engagement y retención del talento, mientras desarrollas tu trabajo de grado implementado en las áreas que acompaña el equipo.;Carrera 53A # 127-35, Bogotá;;
1014657993;Laura Cortés García;People Support 2;laurascortesg@gmail.com; 323 8265677;14 de octubre de 2026;1:30 p.m. a 5:30 p.m.;Apoyarás al equipo de People Support en el soporte a las áreas de Finanzas y BrewTech, participando en procesos de contratación, actividades de bienestar laboral y proyectos de engagement y retención del talento, mientras desarrollas tu trabajo de grado implementado en las áreas que acompaña el equipo.;Carrera 53A # 127-35, Bogotá;;
1034988548;Isabella Cano;People Support 2;isacano.icca@gmail.com; 318 5936496;14 de octubre de 2026;1:30 p.m. a 5:30 p.m.;Apoyarás al equipo de People Support en el soporte a las áreas de Finanzas y BrewTech, participando en procesos de contratación, actividades de bienestar laboral y proyectos de engagement y retención del talento, mientras desarrollas tu trabajo de grado implementado en las áreas que acompaña el equipo.;Carrera 53A # 127-35, Bogotá;;
1011082341;Maria Jose Moreno Noriega;People Support 2;majomorenons@gmail.com; 310 5545269;14 de octubre de 2026;1:30 p.m. a 5:30 p.m.;Apoyarás al equipo de People Support en el soporte a las áreas de Finanzas y BrewTech, participando en procesos de contratación, actividades de bienestar laboral y proyectos de engagement y retención del talento, mientras desarrollas tu trabajo de grado implementado en las áreas que acompaña el equipo.;Carrera 53A # 127-35, Bogotá;;
1025322663;Natalia Rodríguez Martínez;People Support 2;nrodriguezmartinez23@gmail.com; 304 6848832;14 de octubre de 2026;1:30 p.m. a 5:30 p.m.;Apoyarás al equipo de People Support en el soporte a las áreas de Finanzas y BrewTech, participando en procesos de contratación, actividades de bienestar laboral y proyectos de engagement y retención del talento, mientras desarrollas tu trabajo de grado implementado en las áreas que acompaña el equipo.;Carrera 53A # 127-35, Bogotá;;
1004368328;Jesus David Mora Ramirez;Producción (operaciones) Atlantico Envase;danidavid338@gmail.com;3007316702;23 de octubre de 2026;8:30 a.m. a 12:00 p.m.;Apoyarás al área de Envase de la Cervecería de Palmar de Varela (Atlántico) en la identificación de oportunidades de mejora en piso, el monitoreo de indicadores de productividad, eficiencia (GLY) y sostenibilidad, el seguimiento a los consumos de agua, vapor y energía, y la implementación de soluciones junto a planeadores y BTE's.;Km 49 vía Palmar de Varela, Atlántico;;
1044210202;cinthya de alba;Producción (operaciones) Atlantico Envase;dealba447cp@gmail.com; 304 5469960;23 de octubre de 2026;8:30 a.m. a 12:00 p.m.;Apoyarás al área de Envase de la Cervecería de Palmar de Varela (Atlántico) en la identificación de oportunidades de mejora en piso, el monitoreo de indicadores de productividad, eficiencia (GLY) y sostenibilidad, el seguimiento a los consumos de agua, vapor y energía, y la implementación de soluciones junto a planeadores y BTE's.;Km 49 vía Palmar de Varela, Atlántico;;
1107836866;Valeria Paz Arrieta;Producción (operaciones) Atlantico Envase;valeriapazarrieta@gmail.com;3105274860;23 de octubre de 2026;8:30 a.m. a 12:00 p.m.;Apoyarás al área de Envase de la Cervecería de Palmar de Varela (Atlántico) en la identificación de oportunidades de mejora en piso, el monitoreo de indicadores de productividad, eficiencia (GLY) y sostenibilidad, el seguimiento a los consumos de agua, vapor y energía, y la implementación de soluciones junto a planeadores y BTE's.;Km 49 vía Palmar de Varela, Atlántico;;
1129506759;Jahaira Guzmán Visbal;Producción (operaciones) Atlantico Envase;jahairavisbal@gmail.com;311 6124925;23 de octubre de 2026;8:30 a.m. a 12:00 p.m.;Apoyarás al área de Envase de la Cervecería de Palmar de Varela (Atlántico) en la identificación de oportunidades de mejora en piso, el monitoreo de indicadores de productividad, eficiencia (GLY) y sostenibilidad, el seguimiento a los consumos de agua, vapor y energía, y la implementación de soluciones junto a planeadores y BTE's.;Km 49 vía Palmar de Varela, Atlántico;;
1141320197;Sebastian Meriño Cantillo;Producción (operaciones) Atlantico Envase;sebastian.merinoc06@gmail.com; 304 2752561;23 de octubre de 2026;8:30 a.m. a 12:00 p.m.;Apoyarás al área de Envase de la Cervecería de Palmar de Varela (Atlántico) en la identificación de oportunidades de mejora en piso, el monitoreo de indicadores de productividad, eficiencia (GLY) y sostenibilidad, el seguimiento a los consumos de agua, vapor y energía, y la implementación de soluciones junto a planeadores y BTE's.;Km 49 vía Palmar de Varela, Atlántico;;
1042241995;Juan David Miranda Centeno;Producción (operaciones) Atlantico Envase;mirandajuandavid0710@gmail.com; 300 4327190;23 de octubre de 2026;8:30 a.m. a 12:00 p.m.;Apoyarás al área de Envase de la Cervecería de Palmar de Varela (Atlántico) en la identificación de oportunidades de mejora en piso, el monitoreo de indicadores de productividad, eficiencia (GLY) y sostenibilidad, el seguimiento a los consumos de agua, vapor y energía, y la implementación de soluciones junto a planeadores y BTE's.;Km 49 vía Palmar de Varela, Atlántico;;
1043665142;Valeria Andrea González Castaño;Producción (operaciones) Atlantico Envase;vacastano@uninorte.edu.co; 305 4050713;23 de octubre de 2026;8:30 a.m. a 12:00 p.m.;Apoyarás al área de Envase de la Cervecería de Palmar de Varela (Atlántico) en la identificación de oportunidades de mejora en piso, el monitoreo de indicadores de productividad, eficiencia (GLY) y sostenibilidad, el seguimiento a los consumos de agua, vapor y energía, y la implementación de soluciones junto a planeadores y BTE's.;Km 49 vía Palmar de Varela, Atlántico;;
1082470342;orlan Barraza tinoco;Producción (operaciones) Atlantico Envase;obarrazatinoco12@gmail.com; 310 8218310;23 de octubre de 2026;8:30 a.m. a 12:00 p.m.;Apoyarás al área de Envase de la Cervecería de Palmar de Varela (Atlántico) en la identificación de oportunidades de mejora en piso, el monitoreo de indicadores de productividad, eficiencia (GLY) y sostenibilidad, el seguimiento a los consumos de agua, vapor y energía, y la implementación de soluciones junto a planeadores y BTE's.;Km 49 vía Palmar de Varela, Atlántico;;
1123622199;Melissa Madariaga Mendoza;Producción (operaciones) Atlantico Gestión;madariagamendozam@gmail.com;3016957509;23 de octubre de 2026;8:30 a.m. a 12:00 p.m.;Apoyarás al área de Gestión de la Cervecería de Palmar de Varela (Atlántico) en la implementación del proceso de Gestión de Rutina y el uso adecuado de las herramientas de gestión, el impulso de iniciativas de tecnología (TechSupply) y VPO, y el seguimiento a la matriz de habilidades y competencias del personal.;Km 49 vía Palmar de Varela, Atlántico;;
1045166605;Julio Bolivar;Producción (operaciones) Atlantico Gestión;juliobolivar1094@gmail.com; 304 4555434;23 de octubre de 2026;8:30 a.m. a 12:00 p.m.;Apoyarás al área de Gestión de la Cervecería de Palmar de Varela (Atlántico) en la implementación del proceso de Gestión de Rutina y el uso adecuado de las herramientas de gestión, el impulso de iniciativas de tecnología (TechSupply) y VPO, y el seguimiento a la matriz de habilidades y competencias del personal.;Km 49 vía Palmar de Varela, Atlántico;;
1139424257;Andrey Gutierrez Fernandez;Producción (operaciones) Atlantico Gestión;andrey0707david@gmail.com;3174250357;23 de octubre de 2026;8:30 a.m. a 12:00 p.m.;Apoyarás al área de Gestión de la Cervecería de Palmar de Varela (Atlántico) en la implementación del proceso de Gestión de Rutina y el uso adecuado de las herramientas de gestión, el impulso de iniciativas de tecnología (TechSupply) y VPO, y el seguimiento a la matriz de habilidades y competencias del personal.;Km 49 vía Palmar de Varela, Atlántico;;
1140906335;carlos mateo;Producción (operaciones) Atlantico Gestión;carlosmateo2209@gmail.com; 300 1303873;23 de octubre de 2026;8:30 a.m. a 12:00 p.m.;Apoyarás al área de Gestión de la Cervecería de Palmar de Varela (Atlántico) en la implementación del proceso de Gestión de Rutina y el uso adecuado de las herramientas de gestión, el impulso de iniciativas de tecnología (TechSupply) y VPO, y el seguimiento a la matriz de habilidades y competencias del personal.;Km 49 vía Palmar de Varela, Atlántico;;
1003077773;Carolina Arrieta;Producción (operaciones) Atlantico Gestión;karolmiranda1907@gmail.com; 320 6461491;23 de octubre de 2026;8:30 a.m. a 12:00 p.m.;Apoyarás al área de Gestión de la Cervecería de Palmar de Varela (Atlántico) en la implementación del proceso de Gestión de Rutina y el uso adecuado de las herramientas de gestión, el impulso de iniciativas de tecnología (TechSupply) y VPO, y el seguimiento a la matriz de habilidades y competencias del personal.;Km 49 vía Palmar de Varela, Atlántico;;
1043665416;ALAN JOSUE CABRALES MEJIA;Producción (operaciones) Atlantico Gestión;jacke8015@gmail.com; 300 8603362;23 de octubre de 2026;8:30 a.m. a 12:00 p.m.;Apoyarás al área de Gestión de la Cervecería de Palmar de Varela (Atlántico) en la implementación del proceso de Gestión de Rutina y el uso adecuado de las herramientas de gestión, el impulso de iniciativas de tecnología (TechSupply) y VPO, y el seguimiento a la matriz de habilidades y competencias del personal.;Km 49 vía Palmar de Varela, Atlántico;;
1043673339;Yuliana Miranda;Producción (operaciones) Atlantico Gestión;yulianamirandasehuanes@gmail.com; 324 4798404;23 de octubre de 2026;8:30 a.m. a 12:00 p.m.;Apoyarás al área de Gestión de la Cervecería de Palmar de Varela (Atlántico) en la implementación del proceso de Gestión de Rutina y el uso adecuado de las herramientas de gestión, el impulso de iniciativas de tecnología (TechSupply) y VPO, y el seguimiento a la matriz de habilidades y competencias del personal.;Km 49 vía Palmar de Varela, Atlántico;;
1004501029;Mauricio Argumedo Soto;Producción (operaciones) Atlantico Gestión;argumedosoto31@gmail.com;3157085604;23 de octubre de 2026;8:30 a.m. a 12:00 p.m.;Apoyarás al área de Gestión de la Cervecería de Palmar de Varela (Atlántico) en la implementación del proceso de Gestión de Rutina y el uso adecuado de las herramientas de gestión, el impulso de iniciativas de tecnología (TechSupply) y VPO, y el seguimiento a la matriz de habilidades y competencias del personal.;Km 49 vía Palmar de Varela, Atlántico;;
1082840858;Jessua Guillot Gonzalez;Producción (operaciones) Atlantico Gestión;jessuaguillot0721@gmail.com;3161364210;23 de octubre de 2026;8:30 a.m. a 12:00 p.m.;Apoyarás al área de Gestión de la Cervecería de Palmar de Varela (Atlántico) en la implementación del proceso de Gestión de Rutina y el uso adecuado de las herramientas de gestión, el impulso de iniciativas de tecnología (TechSupply) y VPO, y el seguimiento a la matriz de habilidades y competencias del personal.;Km 49 vía Palmar de Varela, Atlántico;;
1097094457;Samuel David Hurtado Jaimes;Producción (operaciones) Bucaramanga;hurtadojaimessamuel@gmail.com;300 2085133;21 de octubre de 2026;7:30 a.m. a 12:00 p.m.;Apoyarás al área de Producción de la Cervecería de Bucaramanga en el monitoreo de inventarios y control de stock, la elaboración de reportes de indicadores logísticos (OTIF, nivel de servicio, rotación y quiebres) y el seguimiento a órdenes de compra y guías de remisión, contribuyendo a la eficiencia operativa de la planta.;Km 4 vía Café Madrid, Bucaramanga;;
1005260233;Katherine Nicolle Sarmiento Coy;Producción (operaciones) Bucaramanga;katherine.sarmiento.coy@gmail.com;3156201141;21 de octubre de 2026;7:30 a.m. a 12:00 p.m.;Apoyarás al área de Producción de la Cervecería de Bucaramanga en el monitoreo de inventarios y control de stock, la elaboración de reportes de indicadores logísticos (OTIF, nivel de servicio, rotación y quiebres) y el seguimiento a órdenes de compra y guías de remisión, contribuyendo a la eficiencia operativa de la planta.;Km 4 vía Café Madrid, Bucaramanga;;
1005563628;Sebastian Ferney Chinchilla Forero;Producción (operaciones) Bucaramanga;sebaschin1503@gmail.com; 322 7851411;21 de octubre de 2026;7:30 a.m. a 12:00 p.m.;Apoyarás al área de Producción de la Cervecería de Bucaramanga en el monitoreo de inventarios y control de stock, la elaboración de reportes de indicadores logísticos (OTIF, nivel de servicio, rotación y quiebres) y el seguimiento a órdenes de compra y guías de remisión, contribuyendo a la eficiencia operativa de la planta.;Km 4 vía Café Madrid, Bucaramanga;;
1096800652;Andrés Polo;Producción (operaciones) Bucaramanga;andrespolo151@gmail.com;3208719059;21 de octubre de 2026;7:30 a.m. a 12:00 p.m.;Apoyarás al área de Producción de la Cervecería de Bucaramanga en el monitoreo de inventarios y control de stock, la elaboración de reportes de indicadores logísticos (OTIF, nivel de servicio, rotación y quiebres) y el seguimiento a órdenes de compra y guías de remisión, contribuyendo a la eficiencia operativa de la planta.;Km 4 vía Café Madrid, Bucaramanga;;
1097093780;Emily Smith Quiceno Guerrero;Producción (operaciones) Bucaramanga;emilyquicenoguerrero@gmail.com; 318 8620569;21 de octubre de 2026;7:30 a.m. a 12:00 p.m.;Apoyarás al área de Producción de la Cervecería de Bucaramanga en el monitoreo de inventarios y control de stock, la elaboración de reportes de indicadores logísticos (OTIF, nivel de servicio, rotación y quiebres) y el seguimiento a órdenes de compra y guías de remisión, contribuyendo a la eficiencia operativa de la planta.;Km 4 vía Café Madrid, Bucaramanga;;
1130266716;Diego Fernando Prada romero;Producción (operaciones) Bucaramanga;dfernandx@gmail.com;3009477921;21 de octubre de 2026;7:30 a.m. a 12:00 p.m.;Apoyarás al área de Producción de la Cervecería de Bucaramanga en el monitoreo de inventarios y control de stock, la elaboración de reportes de indicadores logísticos (OTIF, nivel de servicio, rotación y quiebres) y el seguimiento a órdenes de compra y guías de remisión, contribuyendo a la eficiencia operativa de la planta.;Km 4 vía Café Madrid, Bucaramanga;;
1004795078;Daniel Andres Ruiz Sandoval;Producción (operaciones) Bucaramanga;danielandresruizsandoval@gmail.com; 320 2359161;21 de octubre de 2026;7:30 a.m. a 12:00 p.m.;Apoyarás al área de Producción de la Cervecería de Bucaramanga en el monitoreo de inventarios y control de stock, la elaboración de reportes de indicadores logísticos (OTIF, nivel de servicio, rotación y quiebres) y el seguimiento a órdenes de compra y guías de remisión, contribuyendo a la eficiencia operativa de la planta.;Km 4 vía Café Madrid, Bucaramanga;;
1002528206;Julieth Ximena Albarran Vargas;Producción (operaciones) Bucaramanga;albarranximena00@gmail.com;3152069944;21 de octubre de 2026;7:30 a.m. a 12:00 p.m.;Apoyarás al área de Producción de la Cervecería de Bucaramanga en el monitoreo de inventarios y control de stock, la elaboración de reportes de indicadores logísticos (OTIF, nivel de servicio, rotación y quiebres) y el seguimiento a órdenes de compra y guías de remisión, contribuyendo a la eficiencia operativa de la planta.;Km 4 vía Café Madrid, Bucaramanga;;
1098612128;Connie Alexandra Gelvez Mojica;Producción (operaciones) Bucaramanga;gelvezconnie@gmail.com; 301 7990303;21 de octubre de 2026;7:30 a.m. a 12:00 p.m.;Apoyarás al área de Producción de la Cervecería de Bucaramanga en el monitoreo de inventarios y control de stock, la elaboración de reportes de indicadores logísticos (OTIF, nivel de servicio, rotación y quiebres) y el seguimiento a órdenes de compra y guías de remisión, contribuyendo a la eficiencia operativa de la planta.;Km 4 vía Café Madrid, Bucaramanga;;
1085037242;Camilo Di Zeo Oliveros;Producción (operaciones) Bucaramanga;dizeocamilo@gmail.com;310 5361024;21 de octubre de 2026;7:30 a.m. a 12:00 p.m.;Apoyarás al área de Producción de la Cervecería de Bucaramanga en el monitoreo de inventarios y control de stock, la elaboración de reportes de indicadores logísticos (OTIF, nivel de servicio, rotación y quiebres) y el seguimiento a órdenes de compra y guías de remisión, contribuyendo a la eficiencia operativa de la planta.;Km 4 vía Café Madrid, Bucaramanga;;
1005334499;German David Villamizar Nova;Producción (operaciones) Bucaramanga;gerdavidvn20@gmail.com;3142093772;21 de octubre de 2026;7:30 a.m. a 12:00 p.m.;Apoyarás al área de Producción de la Cervecería de Bucaramanga en el monitoreo de inventarios y control de stock, la elaboración de reportes de indicadores logísticos (OTIF, nivel de servicio, rotación y quiebres) y el seguimiento a órdenes de compra y guías de remisión, contribuyendo a la eficiencia operativa de la planta.;Km 4 vía Café Madrid, Bucaramanga;;
1000953816;Vanessa Alejandra Angulo Alba;Producción (operaciones) Cervecería de Tibitó;vaneanguloalba@gmail.com; 333 7505212;Por confirmar;Por confirmar;Apoyarás al área de Producción de la planta de Tibitó en el seguimiento a KPIs y PIs, el desarrollo de un proyecto de eficiencia energética y la actualización de procedimientos y documentación técnica (SOP, SWI), contribuyendo a la mejora continua y a la implementación de VPO en el área.;Km 6 vía Briceño–Zipaquirá, Cundinamarca;;
1076738061;Yisel Lorena Padilla Cárdenas;Producción (operaciones) Cervecería de Tibitó;yiselpa2206@gmail.com; 302 3133177;Por confirmar;Por confirmar;Apoyarás al área de Producción de la planta de Tibitó en el seguimiento a KPIs y PIs, el desarrollo de un proyecto de eficiencia energética y la actualización de procedimientos y documentación técnica (SOP, SWI), contribuyendo a la mejora continua y a la implementación de VPO en el área.;Km 6 vía Briceño–Zipaquirá, Cundinamarca;;
1003912861;Jose Alexander Romero Cardenas;Producción (operaciones) Cervecería de Tibitó;jose231101a@gmail.com; 322 2067541;Por confirmar;Por confirmar;Apoyarás al área de Producción de la planta de Tibitó en el seguimiento a KPIs y PIs, el desarrollo de un proyecto de eficiencia energética y la actualización de procedimientos y documentación técnica (SOP, SWI), contribuyendo a la mejora continua y a la implementación de VPO en el área.;Km 6 vía Briceño–Zipaquirá, Cundinamarca;;
1054372023;Michael Stevent Chavarro Nope;Producción (operaciones) Cervecería de Tibitó;maicolestivenchavarronope3@gmail.com; 314 2209452;Por confirmar;Por confirmar;Apoyarás al área de Producción de la planta de Tibitó en el seguimiento a KPIs y PIs, el desarrollo de un proyecto de eficiencia energética y la actualización de procedimientos y documentación técnica (SOP, SWI), contribuyendo a la mejora continua y a la implementación de VPO en el área.;Km 6 vía Briceño–Zipaquirá, Cundinamarca;;
1014738447;Joseph German Corredor Torres;Producción (operaciones) Cervecería de Tibitó;german05corredor@gmail.com;3192705164;Por confirmar;Por confirmar;Apoyarás al área de Producción de la planta de Tibitó en el seguimiento a KPIs y PIs, el desarrollo de un proyecto de eficiencia energética y la actualización de procedimientos y documentación técnica (SOP, SWI), contribuyendo a la mejora continua y a la implementación de VPO en el área.;Km 6 vía Briceño–Zipaquirá, Cundinamarca;;
1013260438;Paula Jimena Pinzón Forero;Producción (operaciones) Cervecería de Tibitó;paulapinzon2005@gmail.com;3143606567;Por confirmar;Por confirmar;Apoyarás al área de Producción de la planta de Tibitó en el seguimiento a KPIs y PIs, el desarrollo de un proyecto de eficiencia energética y la actualización de procedimientos y documentación técnica (SOP, SWI), contribuyendo a la mejora continua y a la implementación de VPO en el área.;Km 6 vía Briceño–Zipaquirá, Cundinamarca;;
1016947267;Sara Sofia Aranguren Bolívar;Producción (operaciones) Cervecería de Tibitó;sofiaaranguren21@gmail.com;3209135713;Por confirmar;Por confirmar;Apoyarás al área de Producción de la planta de Tibitó en el seguimiento a KPIs y PIs, el desarrollo de un proyecto de eficiencia energética y la actualización de procedimientos y documentación técnica (SOP, SWI), contribuyendo a la mejora continua y a la implementación de VPO en el área.;Km 6 vía Briceño–Zipaquirá, Cundinamarca;;
1002329465;Natalia Sofía Suárez Rodríguez;Producción (operaciones) Cervecería de Tibitó;natalia03982@gmail.com;3174181366;Por confirmar;Por confirmar;Apoyarás al área de Producción de la planta de Tibitó en el seguimiento a KPIs y PIs, el desarrollo de un proyecto de eficiencia energética y la actualización de procedimientos y documentación técnica (SOP, SWI), contribuyendo a la mejora continua y a la implementación de VPO en el área.;Km 6 vía Briceño–Zipaquirá, Cundinamarca;;
1021393550;Sebastian Enrique Ostos Barrera;Relaciones laborales;sebas1ostos2@gmail.com; 322 4745812;14 de octubre de 2026;1:30 p.m. a 5:30 p.m.;Apoyarás al equipo de Relaciones Laborales en la documentación, organización y sistematización de los procesos del área, levantando y actualizando la información de cada proceso, ordenando sus soportes y registros, y proponiendo formas más claras y ágiles de gestionarlos para que el equipo cuente con información estructurada y de fácil consulta.;Carrera 53A # 127-35, Bogotá;;
1108558398;Ángela María Ospina Quintero;Relaciones laborales;angelaospina9@hotmail.com; 322 6765803;14 de octubre de 2026;1:30 p.m. a 5:30 p.m.;Apoyarás al equipo de Relaciones Laborales en la documentación, organización y sistematización de los procesos del área, levantando y actualizando la información de cada proceso, ordenando sus soportes y registros, y proponiendo formas más claras y ágiles de gestionarlos para que el equipo cuente con información estructurada y de fácil consulta.;Carrera 53A # 127-35, Bogotá;;
1003239472;PAULA ANDREA GUTIERREZ GOMEZ;Relaciones laborales;pandreagutierrez4@gmail.com; 324 6016605;14 de octubre de 2026;1:30 p.m. a 5:30 p.m.;Apoyarás al equipo de Relaciones Laborales en la documentación, organización y sistematización de los procesos del área, levantando y actualizando la información de cada proceso, ordenando sus soportes y registros, y proponiendo formas más claras y ágiles de gestionarlos para que el equipo cuente con información estructurada y de fácil consulta.;Carrera 53A # 127-35, Bogotá;;
1013110125;Natalia Carrero Salinas;Relaciones laborales;natacarrero23@gmail.com;3206944048;14 de octubre de 2026;1:30 p.m. a 5:30 p.m.;Apoyarás al equipo de Relaciones Laborales en la documentación, organización y sistematización de los procesos del área, levantando y actualizando la información de cada proceso, ordenando sus soportes y registros, y proponiendo formas más claras y ágiles de gestionarlos para que el equipo cuente con información estructurada y de fácil consulta.;Carrera 53A # 127-35, Bogotá;;
1013259326;Sebastian Yanchaguano Romero;Relaciones laborales;sebastian2y3r@gmail.com;305 8860218;14 de octubre de 2026;1:30 p.m. a 5:30 p.m.;Apoyarás al equipo de Relaciones Laborales en la documentación, organización y sistematización de los procesos del área, levantando y actualizando la información de cada proceso, ordenando sus soportes y registros, y proponiendo formas más claras y ágiles de gestionarlos para que el equipo cuente con información estructurada y de fácil consulta.;Carrera 53A # 127-35, Bogotá;;
1032938709;Juan Felipe Vargas Martinez;Relaciones laborales;juanvargas0608@hotmail.com;317 7639732;14 de octubre de 2026;1:30 p.m. a 5:30 p.m.;Apoyarás al equipo de Relaciones Laborales en la documentación, organización y sistematización de los procesos del área, levantando y actualizando la información de cada proceso, ordenando sus soportes y registros, y proponiendo formas más claras y ágiles de gestionarlos para que el equipo cuente con información estructurada y de fácil consulta.;Carrera 53A # 127-35, Bogotá;;
1002760401;Daniel Fernando Guevara Torralba;Talento Cervecería de Boyacá;abg.daniel.guevara@gmail.com; 317 8009224;15 de octubre de 2026;Por confirmar;Apoyarás al equipo de Gestión de la Cervecería de Boyacá en la planeación y seguimiento del Plan Anual de Entrenamiento de la planta, el seguimiento a las áreas en el proceso de adquisición de habilidades de los operadores y el soporte al líder de gestión en el cumplimiento del sistema de gestión.;Km 4 vía Duitama–Sogamoso, Tibasosa, Boyacá;;
1002559370;Juan Sebastian Castro Aguirre;Talento Cervecería de Boyacá;est.juan.scastro@unimilitar.edu.co; 312 3264153;15 de octubre de 2026;Por confirmar;Apoyarás al equipo de Gestión de la Cervecería de Boyacá en la planeación y seguimiento del Plan Anual de Entrenamiento de la planta, el seguimiento a las áreas en el proceso de adquisición de habilidades de los operadores y el soporte al líder de gestión en el cumplimiento del sistema de gestión.;Km 4 vía Duitama–Sogamoso, Tibasosa, Boyacá;;
1051316053;LIZETH KATHERINE GÓMEZ BARÓN;Talento Cervecería de Boyacá;lizeth3004gomez@gmail.com; 322 5436103;15 de octubre de 2026;Por confirmar;Apoyarás al equipo de Gestión de la Cervecería de Boyacá en la planeación y seguimiento del Plan Anual de Entrenamiento de la planta, el seguimiento a las áreas en el proceso de adquisición de habilidades de los operadores y el soporte al líder de gestión en el cumplimiento del sistema de gestión.;Km 4 vía Duitama–Sogamoso, Tibasosa, Boyacá;;
1002459278;Catalina Gallego;Talento Cervecería de Boyacá;tatamc9515@gmail.com;3105595063;15 de octubre de 2026;Por confirmar;Apoyarás al equipo de Gestión de la Cervecería de Boyacá en la planeación y seguimiento del Plan Anual de Entrenamiento de la planta, el seguimiento a las áreas en el proceso de adquisición de habilidades de los operadores y el soporte al líder de gestión en el cumplimiento del sistema de gestión.;Km 4 vía Duitama–Sogamoso, Tibasosa, Boyacá;;
1002697466;Nicolas Torres Carreño;Talento Cervecería de Boyacá;nicolastorres5h6@gmail.com; 321 2038347;15 de octubre de 2026;Por confirmar;Apoyarás al equipo de Gestión de la Cervecería de Boyacá en la planeación y seguimiento del Plan Anual de Entrenamiento de la planta, el seguimiento a las áreas en el proceso de adquisición de habilidades de los operadores y el soporte al líder de gestión en el cumplimiento del sistema de gestión.;Km 4 vía Duitama–Sogamoso, Tibasosa, Boyacá;;
1005464303;Maria alejandra rivera reyes;Talento Cervecería del Valle;riverareyesalejandra7@gmail.com; 321 9937799;14 de octubre de 2026;7:30 a.m. a 12:00 p.m.;Apoyarás al equipo de People de la Cervecería del Valle en los procesos de formación, bienestar, engagement y cultura de la planta, el seguimiento de indicadores de gestión humana con herramientas como Excel, el desarrollo de un proyecto en el área asignada y el apoyo a las actividades rutinarias del equipo.;Calle 15 # 25A-37, Autopista Norte Km 4, Cali;;
1111540492;Karen Vanessa Díaz laurido;Talento Cervecería del Valle;karendiaz081204@gmail.com;3195372919;14 de octubre de 2026;7:30 a.m. a 12:00 p.m.;Apoyarás al equipo de People de la Cervecería del Valle en los procesos de formación, bienestar, engagement y cultura de la planta, el seguimiento de indicadores de gestión humana con herramientas como Excel, el desarrollo de un proyecto en el área asignada y el apoyo a las actividades rutinarias del equipo.;Calle 15 # 25A-37, Autopista Norte Km 4, Cali;;
1112618688;Julian Esteban Betancourt Ocampo;Talento Cervecería del Valle;julianestebanbetancourt@gmail.com; 317 3309191;14 de octubre de 2026;7:30 a.m. a 12:00 p.m.;Apoyarás al equipo de People de la Cervecería del Valle en los procesos de formación, bienestar, engagement y cultura de la planta, el seguimiento de indicadores de gestión humana con herramientas como Excel, el desarrollo de un proyecto en el área asignada y el apoyo a las actividades rutinarias del equipo.;Calle 15 # 25A-37, Autopista Norte Km 4, Cali;;
1000184730;Juliana Castro Rojas;Talento Cervecería del Valle;julianamariacastrorojas@gmail.com; 323 2745140;14 de octubre de 2026;7:30 a.m. a 12:00 p.m.;Apoyarás al equipo de People de la Cervecería del Valle en los procesos de formación, bienestar, engagement y cultura de la planta, el seguimiento de indicadores de gestión humana con herramientas como Excel, el desarrollo de un proyecto en el área asignada y el apoyo a las actividades rutinarias del equipo.;Calle 15 # 25A-37, Autopista Norte Km 4, Cali;;
1081272383;ximena carrera;Talento Cervecería del Valle;ximena.carrera004@gmail.com;3147455327;14 de octubre de 2026;7:30 a.m. a 12:00 p.m.;Apoyarás al equipo de People de la Cervecería del Valle en los procesos de formación, bienestar, engagement y cultura de la planta, el seguimiento de indicadores de gestión humana con herramientas como Excel, el desarrollo de un proyecto en el área asignada y el apoyo a las actividades rutinarias del equipo.;Calle 15 # 25A-37, Autopista Norte Km 4, Cali;;
1010036742;Isabella Narváez Castillo;Talento Cervecería del Valle;bellatrabajos23@gmail.com; 316 5067860;14 de octubre de 2026;7:30 a.m. a 12:00 p.m.;Apoyarás al equipo de People de la Cervecería del Valle en los procesos de formación, bienestar, engagement y cultura de la planta, el seguimiento de indicadores de gestión humana con herramientas como Excel, el desarrollo de un proyecto en el área asignada y el apoyo a las actividades rutinarias del equipo.;Calle 15 # 25A-37, Autopista Norte Km 4, Cali;;
1006493321;Estiven González Zúñiga;Talento Cervecería del Valle;estivengonzafcb@gmail.com; 322 2738812;14 de octubre de 2026;7:30 a.m. a 12:00 p.m.;Apoyarás al equipo de People de la Cervecería del Valle en los procesos de formación, bienestar, engagement y cultura de la planta, el seguimiento de indicadores de gestión humana con herramientas como Excel, el desarrollo de un proyecto en el área asignada y el apoyo a las actividades rutinarias del equipo.;Calle 15 # 25A-37, Autopista Norte Km 4, Cali;;
1112041540;Daniela Sandoval Perlaza;Talento Cervecería del Valle;daniela.sandovalp01@gmail.com; 317 4875563;14 de octubre de 2026;7:30 a.m. a 12:00 p.m.;Apoyarás al equipo de People de la Cervecería del Valle en los procesos de formación, bienestar, engagement y cultura de la planta, el seguimiento de indicadores de gestión humana con herramientas como Excel, el desarrollo de un proyecto en el área asignada y el apoyo a las actividades rutinarias del equipo.;Calle 15 # 25A-37, Autopista Norte Km 4, Cali;;
1025461611;Paula Jimenez;Talento Regional Centro;paulisj895@gmail.com; 322 2332441;14 de octubre de 2026;7:30 a.m. a 11:30 a.m.;Apoyarás al equipo de People de la Regional Centro en los procesos de reclutamiento y selección, el seguimiento de indicadores de RH (altas, bajas, rotación y vacantes) y sus dashboards, el seguimiento a los entrenamientos de Universidad Bavaria y la ejecución de los planes de comunicación interna y engagement de la regional.;Carrera 53A # 127-35, Bogotá;;
1000035463;Maria Giron;Talento Regional Centro;mgiron.2328@gmail.com; 318 4422562;14 de octubre de 2026;7:30 a.m. a 11:30 a.m.;Apoyarás al equipo de People de la Regional Centro en los procesos de reclutamiento y selección, el seguimiento de indicadores de RH (altas, bajas, rotación y vacantes) y sus dashboards, el seguimiento a los entrenamientos de Universidad Bavaria y la ejecución de los planes de comunicación interna y engagement de la regional.;Carrera 53A # 127-35, Bogotá;;
1007557956;Mariana López Bareño;Talento Regional Centro;7890thunder@gmail.com;313 2713653;14 de octubre de 2026;7:30 a.m. a 11:30 a.m.;Apoyarás al equipo de People de la Regional Centro en los procesos de reclutamiento y selección, el seguimiento de indicadores de RH (altas, bajas, rotación y vacantes) y sus dashboards, el seguimiento a los entrenamientos de Universidad Bavaria y la ejecución de los planes de comunicación interna y engagement de la regional.;Carrera 53A # 127-35, Bogotá;;
1014662117;Valentina Martinez Castro;Talento Regional Centro;valemarticas22@gmail.com; 304 6772464;14 de octubre de 2026;7:30 a.m. a 11:30 a.m.;Apoyarás al equipo de People de la Regional Centro en los procesos de reclutamiento y selección, el seguimiento de indicadores de RH (altas, bajas, rotación y vacantes) y sus dashboards, el seguimiento a los entrenamientos de Universidad Bavaria y la ejecución de los planes de comunicación interna y engagement de la regional.;Carrera 53A # 127-35, Bogotá;;
1043442138;Daniela Rios;Talento Regional Centro;riosdan618@gmail.com;3122875795;14 de octubre de 2026;7:30 a.m. a 11:30 a.m.;Apoyarás al equipo de People de la Regional Centro en los procesos de reclutamiento y selección, el seguimiento de indicadores de RH (altas, bajas, rotación y vacantes) y sus dashboards, el seguimiento a los entrenamientos de Universidad Bavaria y la ejecución de los planes de comunicación interna y engagement de la regional.;Carrera 53A # 127-35, Bogotá;;
1025060093;Gabriela Orjuela;Talento Regional Centro;orjuelagabriela20@gmail.com; 300 3424911;14 de octubre de 2026;7:30 a.m. a 11:30 a.m.;Apoyarás al equipo de People de la Regional Centro en los procesos de reclutamiento y selección, el seguimiento de indicadores de RH (altas, bajas, rotación y vacantes) y sus dashboards, el seguimiento a los entrenamientos de Universidad Bavaria y la ejecución de los planes de comunicación interna y engagement de la regional.;Carrera 53A # 127-35, Bogotá;;
1005153458;Dayanna Valentina Castro Barbosa;Talento Regional Centro;dayannacastro200308@gmail.com;3156389748;14 de octubre de 2026;7:30 a.m. a 11:30 a.m.;Apoyarás al equipo de People de la Regional Centro en los procesos de reclutamiento y selección, el seguimiento de indicadores de RH (altas, bajas, rotación y vacantes) y sus dashboards, el seguimiento a los entrenamientos de Universidad Bavaria y la ejecución de los planes de comunicación interna y engagement de la regional.;Carrera 53A # 127-35, Bogotá;;
1123802302;Nathaly Constanza Díaz Romero;Talento Regional Centro;09.zanathalydiaz@gmail.com;3142677782;14 de octubre de 2026;7:30 a.m. a 11:30 a.m.;Apoyarás al equipo de People de la Regional Centro en los procesos de reclutamiento y selección, el seguimiento de indicadores de RH (altas, bajas, rotación y vacantes) y sus dashboards, el seguimiento a los entrenamientos de Universidad Bavaria y la ejecución de los planes de comunicación interna y engagement de la regional.;Carrera 53A # 127-35, Bogotá;;
1000127209;Andres Felipe Forero Toro;Talento Regional Centro;andresfelipeforerotoro7@gmail.com; 322 9603522;14 de octubre de 2026;7:30 a.m. a 11:30 a.m.;Apoyarás al equipo de People de la Regional Centro en los procesos de reclutamiento y selección, el seguimiento de indicadores de RH (altas, bajas, rotación y vacantes) y sus dashboards, el seguimiento a los entrenamientos de Universidad Bavaria y la ejecución de los planes de comunicación interna y engagement de la regional.;Carrera 53A # 127-35, Bogotá;;
1000698286;Daniela Roman;Talento Regional Centro;danielaromanom@gmail.com;3163285338;14 de octubre de 2026;7:30 a.m. a 11:30 a.m.;Apoyarás al equipo de People de la Regional Centro en los procesos de reclutamiento y selección, el seguimiento de indicadores de RH (altas, bajas, rotación y vacantes) y sus dashboards, el seguimiento a los entrenamientos de Universidad Bavaria y la ejecución de los planes de comunicación interna y engagement de la regional.;Carrera 53A # 127-35, Bogotá;;
1146635183;Paula Andrea Rodriguez Gomez;Talento Regional Centro;paulargb2004@hotmail.com; 301 5595946;14 de octubre de 2026;7:30 a.m. a 11:30 a.m.;Apoyarás al equipo de People de la Regional Centro en los procesos de reclutamiento y selección, el seguimiento de indicadores de RH (altas, bajas, rotación y vacantes) y sus dashboards, el seguimiento a los entrenamientos de Universidad Bavaria y la ejecución de los planes de comunicación interna y engagement de la regional.;Carrera 53A # 127-35, Bogotá;;
1086754228;JESÚS ANDRÉS BENAVIDES FREIRE;Talento Regional Sur;andresbenavidezj@gmail.com; 316 5372511;22 de octubre de 2026;8:30 a.m. a 12:00 p.m.;Apoyarás al equipo de People de la Regional Sur en el desarrollo de iniciativas de entrenamiento y engagement, la consolidación de evidencias de Copex People y de entrenamientos, la coordinación del onboarding de personal nuevo y de movimientos internos, y el análisis de información para proponer mejoras en la experiencia de los colaboradores.;Calle 15 # 25A-37, Autopista Norte Km 4, Cali;;
1110040647;Lizeth Dayana Rojas Valencia;Talento Regional Sur;lizrojass212@gmail.com; 305 8808379;22 de octubre de 2026;8:30 a.m. a 12:00 p.m.;Apoyarás al equipo de People de la Regional Sur en el desarrollo de iniciativas de entrenamiento y engagement, la consolidación de evidencias de Copex People y de entrenamientos, la coordinación del onboarding de personal nuevo y de movimientos internos, y el análisis de información para proponer mejoras en la experiencia de los colaboradores.;Calle 15 # 25A-37, Autopista Norte Km 4, Cali;;
1098609475;Daniela Gutierrez de Piñerez Maiguel;Talento Regional Sur;daniela.maiguel@correounivalle.edu.co; 316 4963071;22 de octubre de 2026;8:30 a.m. a 12:00 p.m.;Apoyarás al equipo de People de la Regional Sur en el desarrollo de iniciativas de entrenamiento y engagement, la consolidación de evidencias de Copex People y de entrenamientos, la coordinación del onboarding de personal nuevo y de movimientos internos, y el análisis de información para proponer mejoras en la experiencia de los colaboradores.;Calle 15 # 25A-37, Autopista Norte Km 4, Cali;;
1010043305;Carlos Daniel Satizabal Holguín;Talento Regional Sur;c.danielsatizabal@gmail.com; 302 3398986;22 de octubre de 2026;8:30 a.m. a 12:00 p.m.;Apoyarás al equipo de People de la Regional Sur en el desarrollo de iniciativas de entrenamiento y engagement, la consolidación de evidencias de Copex People y de entrenamientos, la coordinación del onboarding de personal nuevo y de movimientos internos, y el análisis de información para proponer mejoras en la experiencia de los colaboradores.;Calle 15 # 25A-37, Autopista Norte Km 4, Cali;;
1193290817;Valeria Arroyave Grisales;Talento Regional Sur;valeriaagall@gmail.com; 317 2129349;22 de octubre de 2026;8:30 a.m. a 12:00 p.m.;Apoyarás al equipo de People de la Regional Sur en el desarrollo de iniciativas de entrenamiento y engagement, la consolidación de evidencias de Copex People y de entrenamientos, la coordinación del onboarding de personal nuevo y de movimientos internos, y el análisis de información para proponer mejoras en la experiencia de los colaboradores.;Calle 15 # 25A-37, Autopista Norte Km 4, Cali;;
1114541627;MEILYN YINETH CARDONA CANAVAL;Talento Regional Sur;cardonameilyn91@gmail.com; 318 4111789;22 de octubre de 2026;8:30 a.m. a 12:00 p.m.;Apoyarás al equipo de People de la Regional Sur en el desarrollo de iniciativas de entrenamiento y engagement, la consolidación de evidencias de Copex People y de entrenamientos, la coordinación del onboarding de personal nuevo y de movimientos internos, y el análisis de información para proponer mejoras en la experiencia de los colaboradores.;Calle 15 # 25A-37, Autopista Norte Km 4, Cali;;
1021669180;PAULA ANDREA VELASQUEZ TORRES;Talento Regional Sur;paula.andrea.velasquez@correounivalle.edu.co; 322 2149678;22 de octubre de 2026;8:30 a.m. a 12:00 p.m.;Apoyarás al equipo de People de la Regional Sur en el desarrollo de iniciativas de entrenamiento y engagement, la consolidación de evidencias de Copex People y de entrenamientos, la coordinación del onboarding de personal nuevo y de movimientos internos, y el análisis de información para proponer mejoras en la experiencia de los colaboradores.;Calle 15 # 25A-37, Autopista Norte Km 4, Cali;;
1084331089;ISABELLA DIAZ;Talento Regional Sur;isis.diazc07@gmail.com;3124247820;22 de octubre de 2026;8:30 a.m. a 12:00 p.m.;Apoyarás al equipo de People de la Regional Sur en el desarrollo de iniciativas de entrenamiento y engagement, la consolidación de evidencias de Copex People y de entrenamientos, la coordinación del onboarding de personal nuevo y de movimientos internos, y el análisis de información para proponer mejoras en la experiencia de los colaboradores.;Calle 15 # 25A-37, Autopista Norte Km 4, Cali;;
1004898829;María torrado;Talento Supply Bucaramanga;macama3456@gmail.com; 318 8023106;21 de octubre de 2026;7:30 a.m. a 12:00 p.m.;Apoyarás al equipo de People de la Cervecería de Bucaramanga en el seguimiento al plan de comunicaciones de la planta, el seguimiento de indicadores de productividad, overtime y costos con Excel y Power BI, y el acompañamiento a los pilares de People y Gestión, aportando a proyectos de mejora continua.;Km 4 vía Café Madrid, Bucaramanga;;
1097094297;Zharik Lopez;Talento Supply Bucaramanga;zharik2222683@correo.uis.edu.co;3202411797;21 de octubre de 2026;7:30 a.m. a 12:00 p.m.;Apoyarás al equipo de People de la Cervecería de Bucaramanga en el seguimiento al plan de comunicaciones de la planta, el seguimiento de indicadores de productividad, overtime y costos con Excel y Power BI, y el acompañamiento a los pilares de People y Gestión, aportando a proyectos de mejora continua.;Km 4 vía Café Madrid, Bucaramanga;;
1101682061;Valentina Toledo silva;Talento Supply Bucaramanga;vtoledo1@udi.edu.co; 321 4847513;21 de octubre de 2026;7:30 a.m. a 12:00 p.m.;Apoyarás al equipo de People de la Cervecería de Bucaramanga en el seguimiento al plan de comunicaciones de la planta, el seguimiento de indicadores de productividad, overtime y costos con Excel y Power BI, y el acompañamiento a los pilares de People y Gestión, aportando a proyectos de mejora continua.;Km 4 vía Café Madrid, Bucaramanga;;
1005258745;Karoll Michel Calderón Jaimez;Talento Supply Bucaramanga;karoll.calderon.2021@upb.edu.co; 317 4392050;21 de octubre de 2026;7:30 a.m. a 12:00 p.m.;Apoyarás al equipo de People de la Cervecería de Bucaramanga en el seguimiento al plan de comunicaciones de la planta, el seguimiento de indicadores de productividad, overtime y costos con Excel y Power BI, y el acompañamiento a los pilares de People y Gestión, aportando a proyectos de mejora continua.;Km 4 vía Café Madrid, Bucaramanga;;
1193553981;Trino García Martelo;Talento Supply Bucaramanga;trinogarcia2002@outlook.com; 310 5919408;21 de octubre de 2026;7:30 a.m. a 12:00 p.m.;Apoyarás al equipo de People de la Cervecería de Bucaramanga en el seguimiento al plan de comunicaciones de la planta, el seguimiento de indicadores de productividad, overtime y costos con Excel y Power BI, y el acompañamiento a los pilares de People y Gestión, aportando a proyectos de mejora continua.;Km 4 vía Café Madrid, Bucaramanga;;
1005479785;LAURA NATALIA SALAZAR TORRES;Talento Supply Bucaramanga;lsalazar14@udi.edu.co;3105656315;21 de octubre de 2026;7:30 a.m. a 12:00 p.m.;Apoyarás al equipo de People de la Cervecería de Bucaramanga en el seguimiento al plan de comunicaciones de la planta, el seguimiento de indicadores de productividad, overtime y costos con Excel y Power BI, y el acompañamiento a los pilares de People y Gestión, aportando a proyectos de mejora continua.;Km 4 vía Café Madrid, Bucaramanga;;
1101753789;Vanesa Castañeda Archila;Talento Supply Bucaramanga;vc3888297@gmail.com; 312 4370413;21 de octubre de 2026;7:30 a.m. a 12:00 p.m.;Apoyarás al equipo de People de la Cervecería de Bucaramanga en el seguimiento al plan de comunicaciones de la planta, el seguimiento de indicadores de productividad, overtime y costos con Excel y Power BI, y el acompañamiento a los pilares de People y Gestión, aportando a proyectos de mejora continua.;Km 4 vía Café Madrid, Bucaramanga;;
1005185477;Valentina Tellez monterrosa;Talento Supply Bucaramanga;valentinatellezmonterrosa@gmail.com;3123884907;21 de octubre de 2026;7:30 a.m. a 12:00 p.m.;Apoyarás al equipo de People de la Cervecería de Bucaramanga en el seguimiento al plan de comunicaciones de la planta, el seguimiento de indicadores de productividad, overtime y costos con Excel y Power BI, y el acompañamiento a los pilares de People y Gestión, aportando a proyectos de mejora continua.;Km 4 vía Café Madrid, Bucaramanga;;
1082873020;Jose Francisco Almario Padilla;Talento Supply Cervecería de Barranquilla;josealmariop@gmail.com;3108107599;22 de octubre de 2026;12:30 p.m. a 5:00 p.m.;Apoyarás al equipo de Gestión de la Cervecería de Barranquilla en la planeación y seguimiento del Plan Anual de Entrenamiento, el seguimiento al proceso de adquisición de habilidades de los operadores y la digitalización de las herramientas de evaluación, dando soporte al líder de gestión en el cumplimiento del sistema de gestión.;Calle 10 # 38-280, Barranquillita, Barranquilla;;
1047034256;Maria Carolina Vilchis Marino;Talento Supply Cervecería de Barranquilla;carovmarino@gmail.com; 314 5091990;22 de octubre de 2026;12:30 p.m. a 5:00 p.m.;Apoyarás al equipo de Gestión de la Cervecería de Barranquilla en la planeación y seguimiento del Plan Anual de Entrenamiento, el seguimiento al proceso de adquisición de habilidades de los operadores y la digitalización de las herramientas de evaluación, dando soporte al líder de gestión en el cumplimiento del sistema de gestión.;Calle 10 # 38-280, Barranquillita, Barranquilla;;
1005626243;Natalia Gómez molina;Talento Supply Cervecería de Barranquilla;ngmolina46@gmail.com;323 9118228;22 de octubre de 2026;12:30 p.m. a 5:00 p.m.;Apoyarás al equipo de Gestión de la Cervecería de Barranquilla en la planeación y seguimiento del Plan Anual de Entrenamiento, el seguimiento al proceso de adquisición de habilidades de los operadores y la digitalización de las herramientas de evaluación, dando soporte al líder de gestión en el cumplimiento del sistema de gestión.;Calle 10 # 38-280, Barranquillita, Barranquilla;;
1043964085;Michelle Paternina Amaris;Talento Supply Cervecería de Barranquilla;michypater02@hotmail.com;321 7227862;22 de octubre de 2026;12:30 p.m. a 5:00 p.m.;Apoyarás al equipo de Gestión de la Cervecería de Barranquilla en la planeación y seguimiento del Plan Anual de Entrenamiento, el seguimiento al proceso de adquisición de habilidades de los operadores y la digitalización de las herramientas de evaluación, dando soporte al líder de gestión en el cumplimiento del sistema de gestión.;Calle 10 # 38-280, Barranquillita, Barranquilla;;
1043296135;Ariadna Cantillo;Talento Supply Cervecería de Barranquilla;aricantillo0@gmail.com; 322 7943599;22 de octubre de 2026;12:30 p.m. a 5:00 p.m.;Apoyarás al equipo de Gestión de la Cervecería de Barranquilla en la planeación y seguimiento del Plan Anual de Entrenamiento, el seguimiento al proceso de adquisición de habilidades de los operadores y la digitalización de las herramientas de evaluación, dando soporte al líder de gestión en el cumplimiento del sistema de gestión.;Calle 10 # 38-280, Barranquillita, Barranquilla;;
1102840967;Karen Mercado;Talento Supply Cervecería de Barranquilla;karenmerco@hotmail.com;3006655965;22 de octubre de 2026;12:30 p.m. a 5:00 p.m.;Apoyarás al equipo de Gestión de la Cervecería de Barranquilla en la planeación y seguimiento del Plan Anual de Entrenamiento, el seguimiento al proceso de adquisición de habilidades de los operadores y la digitalización de las herramientas de evaluación, dando soporte al líder de gestión en el cumplimiento del sistema de gestión.;Calle 10 # 38-280, Barranquillita, Barranquilla;;
1001945971;Wanda Alvarez Jimenez;Talento Supply Cervecería de Barranquilla;wvaljimenez@gmail.com; 314 6441933;22 de octubre de 2026;12:30 p.m. a 5:00 p.m.;Apoyarás al equipo de Gestión de la Cervecería de Barranquilla en la planeación y seguimiento del Plan Anual de Entrenamiento, el seguimiento al proceso de adquisición de habilidades de los operadores y la digitalización de las herramientas de evaluación, dando soporte al líder de gestión en el cumplimiento del sistema de gestión.;Calle 10 # 38-280, Barranquillita, Barranquilla;;
1001823066;Vanessa Alexandra Mendoza Martinez;Talento Supply Cervecería de Barranquilla;mendozamartinezvane@gmail.com; 304 2063410;22 de octubre de 2026;12:30 p.m. a 5:00 p.m.;Apoyarás al equipo de Gestión de la Cervecería de Barranquilla en la planeación y seguimiento del Plan Anual de Entrenamiento, el seguimiento al proceso de adquisición de habilidades de los operadores y la digitalización de las herramientas de evaluación, dando soporte al líder de gestión en el cumplimiento del sistema de gestión.;Calle 10 # 38-280, Barranquillita, Barranquilla;;
1129539518;Andres Felipe Quiroz Borja;Talento Supply Cervecería de Barranquilla;afqb0108@gmail.com; 301 5176294;22 de octubre de 2026;12:30 p.m. a 5:00 p.m.;Apoyarás al equipo de Gestión de la Cervecería de Barranquilla en la planeación y seguimiento del Plan Anual de Entrenamiento, el seguimiento al proceso de adquisición de habilidades de los operadores y la digitalización de las herramientas de evaluación, dando soporte al líder de gestión en el cumplimiento del sistema de gestión.;Calle 10 # 38-280, Barranquillita, Barranquilla;;
1050839158;Eliana Marcela Arroyo Pérez;Talento Supply Cervecería de Barranquilla;elianaarroyoperez@gmail.com; 324 5087460;22 de octubre de 2026;12:30 p.m. a 5:00 p.m.;Apoyarás al equipo de Gestión de la Cervecería de Barranquilla en la planeación y seguimiento del Plan Anual de Entrenamiento, el seguimiento al proceso de adquisición de habilidades de los operadores y la digitalización de las herramientas de evaluación, dando soporte al líder de gestión en el cumplimiento del sistema de gestión.;Calle 10 # 38-280, Barranquillita, Barranquilla;;
1044210712;Maria Carolina Morales Quevedo;Talento Supply Cervecería de Barranquilla;mariaca272712@gmail.com;301 3893660;22 de octubre de 2026;12:30 p.m. a 5:00 p.m.;Apoyarás al equipo de Gestión de la Cervecería de Barranquilla en la planeación y seguimiento del Plan Anual de Entrenamiento, el seguimiento al proceso de adquisición de habilidades de los operadores y la digitalización de las herramientas de evaluación, dando soporte al líder de gestión en el cumplimiento del sistema de gestión.;Calle 10 # 38-280, Barranquillita, Barranquilla;;
1031940150;Maria Jose Carrillo Bedoya;Talento Supply Cervecería de Medellín;majocarrillobedoya@gmail.com; 315 8066945;Por confirmar;Por confirmar;Apoyarás al equipo de People de la Cervecería de Medellín en el diseño y sostenimiento del plan de comunicación interna de la planta a través de piezas gráficas, la alineación del plan de comunicación nacional con la planta, las campañas de cultura e inclusión y las actividades de bienestar programadas.;Carrera 50A # 38-39, Itagüí, Antioquia;;
1040570384;Marilyn Oliva Fernandez Taborda;Talento Supply Cervecería de Medellín;mafernandezt@unal.edu.co;3192800000;Por confirmar;Por confirmar;Apoyarás al equipo de People de la Cervecería de Medellín en el diseño y sostenimiento del plan de comunicación interna de la planta a través de piezas gráficas, la alineación del plan de comunicación nacional con la planta, las campañas de cultura e inclusión y las actividades de bienestar programadas.;Carrera 50A # 38-39, Itagüí, Antioquia;;
1034987035;Rafael Rendon Palacio;Talento Supply Cervecería de Medellín;rafaelrendonpalacio@gmail.com;3135455802;Por confirmar;Por confirmar;Apoyarás al equipo de People de la Cervecería de Medellín en el diseño y sostenimiento del plan de comunicación interna de la planta a través de piezas gráficas, la alineación del plan de comunicación nacional con la planta, las campañas de cultura e inclusión y las actividades de bienestar programadas.;Carrera 50A # 38-39, Itagüí, Antioquia;;
1097182783;Valeria Estupiñan;Talento Supply Cervecería de Medellín;valeriaospina.e@gmail.com; 315 4695560;Por confirmar;Por confirmar;Apoyarás al equipo de People de la Cervecería de Medellín en el diseño y sostenimiento del plan de comunicación interna de la planta a través de piezas gráficas, la alineación del plan de comunicación nacional con la planta, las campañas de cultura e inclusión y las actividades de bienestar programadas.;Carrera 50A # 38-39, Itagüí, Antioquia;;
1127584762;Yerli Eliana Rivera Mora;Talento Supply Cervecería de Medellín;yeriveram@unal.edu.co;3178286241;Por confirmar;Por confirmar;Apoyarás al equipo de People de la Cervecería de Medellín en el diseño y sostenimiento del plan de comunicación interna de la planta a través de piezas gráficas, la alineación del plan de comunicación nacional con la planta, las campañas de cultura e inclusión y las actividades de bienestar programadas.;Carrera 50A # 38-39, Itagüí, Antioquia;;
1071349324;SHARIT PATRCIA ACOSTA ARROYO;Talento Supply Cervecería de Medellín;sharitacosta2502@gmail.com; 321 9335836;Por confirmar;Por confirmar;Apoyarás al equipo de People de la Cervecería de Medellín en el diseño y sostenimiento del plan de comunicación interna de la planta a través de piezas gráficas, la alineación del plan de comunicación nacional con la planta, las campañas de cultura e inclusión y las actividades de bienestar programadas.;Carrera 50A # 38-39, Itagüí, Antioquia;;
1034988528;Maria Camila Gutierrez Pelaez;Talento Supply Cervecería de Medellín;mcgutierrp@eafit.edu.co;3195991889;Por confirmar;Por confirmar;Apoyarás al equipo de People de la Cervecería de Medellín en el diseño y sostenimiento del plan de comunicación interna de la planta a través de piezas gráficas, la alineación del plan de comunicación nacional con la planta, las campañas de cultura e inclusión y las actividades de bienestar programadas.;Carrera 50A # 38-39, Itagüí, Antioquia;;
1005028536;Brayan Felipe Barbosa Esteban;Talento Supply Cervecería de Medellín;brafebares_@hotmail.com; 315 7364602;Por confirmar;Por confirmar;Apoyarás al equipo de People de la Cervecería de Medellín en el diseño y sostenimiento del plan de comunicación interna de la planta a través de piezas gráficas, la alineación del plan de comunicación nacional con la planta, las campañas de cultura e inclusión y las actividades de bienestar programadas.;Carrera 50A # 38-39, Itagüí, Antioquia;;
1033257457;Camila Posada;Talento Supply Cervecería de Medellín;camiposadaber@gmail.com;3148502569;Por confirmar;Por confirmar;Apoyarás al equipo de People de la Cervecería de Medellín en el diseño y sostenimiento del plan de comunicación interna de la planta a través de piezas gráficas, la alineación del plan de comunicación nacional con la planta, las campañas de cultura e inclusión y las actividades de bienestar programadas.;Carrera 50A # 38-39, Itagüí, Antioquia;;
1022002946;Milena Restrepo Galvis;Talento Supply Cervecería de Medellín;milenarestrepo2005@hotmail.com; 300 6329432;Por confirmar;Por confirmar;Apoyarás al equipo de People de la Cervecería de Medellín en el diseño y sostenimiento del plan de comunicación interna de la planta a través de piezas gráficas, la alineación del plan de comunicación nacional con la planta, las campañas de cultura e inclusión y las actividades de bienestar programadas.;Carrera 50A # 38-39, Itagüí, Antioquia;;
1003882497;YEISON FABIAN ALFARO GARCIA;Talento Supply Cervecería de Tocancipá;yeisonfag@gmail.com;305 4221048;Por confirmar;Por confirmar;Apoyarás al equipo de People de la Cervecería de Tocancipá en la consolidación y análisis de información de talento, los procesos de inducción, entrenamiento y desarrollo, el acompañamiento a líderes en la gestión de equipos autónomos y el desarrollo de nuevas iniciativas que apalanquen la mejora continua de la planta.;Autopista Norte Km 30, vía Tocancipá, Cundinamarca;;
1033098791;Daniela Diaz Suarez;Talento Supply Cervecería de Tocancipá;daniela.diaz-s@mail.escuelaing.edu.co;302 8421772;Por confirmar;Por confirmar;Apoyarás al equipo de People de la Cervecería de Tocancipá en la consolidación y análisis de información de talento, los procesos de inducción, entrenamiento y desarrollo, el acompañamiento a líderes en la gestión de equipos autónomos y el desarrollo de nuevas iniciativas que apalanquen la mejora continua de la planta.;Autopista Norte Km 30, vía Tocancipá, Cundinamarca;;
1076241749;James Alejandro García Vásquez;Talento Supply Cervecería de Tocancipá;james.a.garcia.v@gmail.com; 314 4777000;Por confirmar;Por confirmar;Apoyarás al equipo de People de la Cervecería de Tocancipá en la consolidación y análisis de información de talento, los procesos de inducción, entrenamiento y desarrollo, el acompañamiento a líderes en la gestión de equipos autónomos y el desarrollo de nuevas iniciativas que apalanquen la mejora continua de la planta.;Autopista Norte Km 30, vía Tocancipá, Cundinamarca;;
1091965068;DEYSA IVETH PORRAS FORERO;Talento Supply Cervecería de Tocancipá;deysaivethporrasforero27@gmail.com;3102549573;Por confirmar;Por confirmar;Apoyarás al equipo de People de la Cervecería de Tocancipá en la consolidación y análisis de información de talento, los procesos de inducción, entrenamiento y desarrollo, el acompañamiento a líderes en la gestión de equipos autónomos y el desarrollo de nuevas iniciativas que apalanquen la mejora continua de la planta.;Autopista Norte Km 30, vía Tocancipá, Cundinamarca;;
1018514708;ANA MARIA FERNANDEZ MUÑOZ;Talento Supply Cervecería de Tocancipá;munozanamaria89@gmail.com; 316 8290681;Por confirmar;Por confirmar;Apoyarás al equipo de People de la Cervecería de Tocancipá en la consolidación y análisis de información de talento, los procesos de inducción, entrenamiento y desarrollo, el acompañamiento a líderes en la gestión de equipos autónomos y el desarrollo de nuevas iniciativas que apalanquen la mejora continua de la planta.;Autopista Norte Km 30, vía Tocancipá, Cundinamarca;;
1034280833;Mónica Yuliana Velásquez Quintero;Talento Supply Cervecería de Tocancipá;yulianaquintero144@gmail.com; 320 9550447;Por confirmar;Por confirmar;Apoyarás al equipo de People de la Cervecería de Tocancipá en la consolidación y análisis de información de talento, los procesos de inducción, entrenamiento y desarrollo, el acompañamiento a líderes en la gestión de equipos autónomos y el desarrollo de nuevas iniciativas que apalanquen la mejora continua de la planta.;Autopista Norte Km 30, vía Tocancipá, Cundinamarca;;
1019038060;Paula Sofia Saldaña Linares;Talento Supply Cervecería de Tocancipá;paulasofia368@gmail.com;3013304652;Por confirmar;Por confirmar;Apoyarás al equipo de People de la Cervecería de Tocancipá en la consolidación y análisis de información de talento, los procesos de inducción, entrenamiento y desarrollo, el acompañamiento a líderes en la gestión de equipos autónomos y el desarrollo de nuevas iniciativas que apalanquen la mejora continua de la planta.;Autopista Norte Km 30, vía Tocancipá, Cundinamarca;;
1013258565;Maria Salomé Cortés Ávila;Talento Supply Cervecería de Tocancipá;salocortes11@gmail.com;312 5370247;Por confirmar;Por confirmar;Apoyarás al equipo de People de la Cervecería de Tocancipá en la consolidación y análisis de información de talento, los procesos de inducción, entrenamiento y desarrollo, el acompañamiento a líderes en la gestión de equipos autónomos y el desarrollo de nuevas iniciativas que apalanquen la mejora continua de la planta.;Autopista Norte Km 30, vía Tocancipá, Cundinamarca;;
1082873539;Adriana Maria Sierra Cabrera;Talento Ventas Regional Norte;adrianita.sc03@gmail.com;3176940867;Por confirmar;Por confirmar;Apoyarás al equipo de People de la Regional Norte en la ejecución de actividades de comunicación y engagement, el seguimiento a los programas de excelencia y a los indicadores del área, y los procesos de onboarding, vacaciones y cumplimiento de COPEX, brindando atención a los colaboradores de la operación comercial.;Carrera 38 # 8-37, Edificio Ventas, Barranquilla;;
1000951426;Juan David Porto Léon;Talento Ventas Regional Norte;jporto0804@gmail.com; 321 8076611;Por confirmar;Por confirmar;Apoyarás al equipo de People de la Regional Norte en la ejecución de actividades de comunicación y engagement, el seguimiento a los programas de excelencia y a los indicadores del área, y los procesos de onboarding, vacaciones y cumplimiento de COPEX, brindando atención a los colaboradores de la operación comercial.;Carrera 38 # 8-37, Edificio Ventas, Barranquilla;;
1041690226;Santiago Enrique Amador Rincon;Talento Ventas Regional Norte;santiagoamadorincon@hotmail.com; 321 4325795;Por confirmar;Por confirmar;Apoyarás al equipo de People de la Regional Norte en la ejecución de actividades de comunicación y engagement, el seguimiento a los programas de excelencia y a los indicadores del área, y los procesos de onboarding, vacaciones y cumplimiento de COPEX, brindando atención a los colaboradores de la operación comercial.;Carrera 38 # 8-37, Edificio Ventas, Barranquilla;;
1082856658;Jhosep Olivera Gaviria;Talento Ventas Regional Norte;jhosepoliveragaviria@gmail.com; 314 7902917;Por confirmar;Por confirmar;Apoyarás al equipo de People de la Regional Norte en la ejecución de actividades de comunicación y engagement, el seguimiento a los programas de excelencia y a los indicadores del área, y los procesos de onboarding, vacaciones y cumplimiento de COPEX, brindando atención a los colaboradores de la operación comercial.;Carrera 38 # 8-37, Edificio Ventas, Barranquilla;;
1042243295;ANDRES FELIPE ACOSTA GUTIERREZ;Talento Ventas Regional Norte;faandres@uninorte.edu.co; 301 3969374;Por confirmar;Por confirmar;Apoyarás al equipo de People de la Regional Norte en la ejecución de actividades de comunicación y engagement, el seguimiento a los programas de excelencia y a los indicadores del área, y los procesos de onboarding, vacaciones y cumplimiento de COPEX, brindando atención a los colaboradores de la operación comercial.;Carrera 38 # 8-37, Edificio Ventas, Barranquilla;;
1065588728;Isabella Betancur Lopez;Talento Ventas Regional Norte;isabella.betancur@urosario.edu.co;3184636614;Por confirmar;Por confirmar;Apoyarás al equipo de People de la Regional Norte en la ejecución de actividades de comunicación y engagement, el seguimiento a los programas de excelencia y a los indicadores del área, y los procesos de onboarding, vacaciones y cumplimiento de COPEX, brindando atención a los colaboradores de la operación comercial.;Carrera 38 # 8-37, Edificio Ventas, Barranquilla;;
1043652925;Nicolle Carolina Rodriguez Blanquicett;Talento Ventas Regional Norte;nicollerodriguezblanquicett@gmail.com; 302 4118837;Por confirmar;Por confirmar;Apoyarás al equipo de People de la Regional Norte en la ejecución de actividades de comunicación y engagement, el seguimiento a los programas de excelencia y a los indicadores del área, y los procesos de onboarding, vacaciones y cumplimiento de COPEX, brindando atención a los colaboradores de la operación comercial.;Carrera 38 # 8-37, Edificio Ventas, Barranquilla;;
1047036295;Natalia Barney Vergara;Talento Ventas Regional Norte;nbarneyv@gmail.com;3021253692;Por confirmar;Por confirmar;Apoyarás al equipo de People de la Regional Norte en la ejecución de actividades de comunicación y engagement, el seguimiento a los programas de excelencia y a los indicadores del área, y los procesos de onboarding, vacaciones y cumplimiento de COPEX, brindando atención a los colaboradores de la operación comercial.;Carrera 38 # 8-37, Edificio Ventas, Barranquilla;;
1042244585;Esneider Garavito Balmaceda;Talento Ventas Regional Norte;esnejesus2018@gmail.com; 300 5244226;Por confirmar;Por confirmar;Apoyarás al equipo de People de la Regional Norte en la ejecución de actividades de comunicación y engagement, el seguimiento a los programas de excelencia y a los indicadores del área, y los procesos de onboarding, vacaciones y cumplimiento de COPEX, brindando atención a los colaboradores de la operación comercial.;Carrera 38 # 8-37, Edificio Ventas, Barranquilla;;
1044210586;Maria Cuellar Castillo;Talento Ventas Regional Norte;maricuellarcasti@gmail.com; 302 3533233;Por confirmar;Por confirmar;Apoyarás al equipo de People de la Regional Norte en la ejecución de actividades de comunicación y engagement, el seguimiento a los programas de excelencia y a los indicadores del área, y los procesos de onboarding, vacaciones y cumplimiento de COPEX, brindando atención a los colaboradores de la operación comercial.;Carrera 38 # 8-37, Edificio Ventas, Barranquilla;;
1041694437;Jesus David Henriquez Albor;Talento Ventas Regional Norte;jd.henriquezalbor@gmail.com;3022092286;Por confirmar;Por confirmar;Apoyarás al equipo de People de la Regional Norte en la ejecución de actividades de comunicación y engagement, el seguimiento a los programas de excelencia y a los indicadores del área, y los procesos de onboarding, vacaciones y cumplimiento de COPEX, brindando atención a los colaboradores de la operación comercial.;Carrera 38 # 8-37, Edificio Ventas, Barranquilla;;
1001978590;Cesar Luis Navarro Ibañez;Tecnología (JR Data Scientist);cespro64@gmail.com; 320 7369219;14 de octubre de 2026;7:30 a.m. a 11:30 a.m.;Apoyarás al equipo de Tecnología como JR Data Scientist en la recolección, limpieza y análisis de datos, el desarrollo de algoritmos y modelos de Machine Learning, el diseño de soluciones analíticas y la automatización de reportes con herramientas como Databricks, Power BI y Power Automate, generando insights para el negocio.;Carrera 53A # 127-35, Bogotá;;
1001217895;Fabián Almanza Patiño;Tecnología (JR Data Scientist);faalmanzap@udistrital.edu.co; 321 2622132;14 de octubre de 2026;7:30 a.m. a 11:30 a.m.;Apoyarás al equipo de Tecnología como JR Data Scientist en la recolección, limpieza y análisis de datos, el desarrollo de algoritmos y modelos de Machine Learning, el diseño de soluciones analíticas y la automatización de reportes con herramientas como Databricks, Power BI y Power Automate, generando insights para el negocio.;Carrera 53A # 127-35, Bogotá;;
1014858199;Alejandro Castaneda Ruiz;Tecnología (JR Data Scientist);acastanedaruiz55@gmail.com; 310 8888133;14 de octubre de 2026;7:30 a.m. a 11:30 a.m.;Apoyarás al equipo de Tecnología como JR Data Scientist en la recolección, limpieza y análisis de datos, el desarrollo de algoritmos y modelos de Machine Learning, el diseño de soluciones analíticas y la automatización de reportes con herramientas como Databricks, Power BI y Power Automate, generando insights para el negocio.;Carrera 53A # 127-35, Bogotá;;
1076905047;Daniel Patiño Mejia;Tecnología (JR Data Scientist);danpame1219@gmail.com;311 5244990;14 de octubre de 2026;7:30 a.m. a 11:30 a.m.;Apoyarás al equipo de Tecnología como JR Data Scientist en la recolección, limpieza y análisis de datos, el desarrollo de algoritmos y modelos de Machine Learning, el diseño de soluciones analíticas y la automatización de reportes con herramientas como Databricks, Power BI y Power Automate, generando insights para el negocio.;Carrera 53A # 127-35, Bogotá;;
1016592928;Maria Paula Rodriguez Muñoz;Tecnología (JR Data Scientist);mariayr501@gmail.com; 311 2494264;14 de octubre de 2026;7:30 a.m. a 11:30 a.m.;Apoyarás al equipo de Tecnología como JR Data Scientist en la recolección, limpieza y análisis de datos, el desarrollo de algoritmos y modelos de Machine Learning, el diseño de soluciones analíticas y la automatización de reportes con herramientas como Databricks, Power BI y Power Automate, generando insights para el negocio.;Carrera 53A # 127-35, Bogotá;;
1025461045;Juan David Lobaton Mendoza;Tecnología (JR Data Scientist);jdlobaton04@gmail.com; 311 5834299;14 de octubre de 2026;7:30 a.m. a 11:30 a.m.;Apoyarás al equipo de Tecnología como JR Data Scientist en la recolección, limpieza y análisis de datos, el desarrollo de algoritmos y modelos de Machine Learning, el diseño de soluciones analíticas y la automatización de reportes con herramientas como Databricks, Power BI y Power Automate, generando insights para el negocio.;Carrera 53A # 127-35, Bogotá;;
1034396248;Daniel Quilaguy Correa;Tecnología (JR Data Scientist);daniel.quilaguy.correa@gmail.com; 305 3360405;14 de octubre de 2026;7:30 a.m. a 11:30 a.m.;Apoyarás al equipo de Tecnología como JR Data Scientist en la recolección, limpieza y análisis de datos, el desarrollo de algoritmos y modelos de Machine Learning, el diseño de soluciones analíticas y la automatización de reportes con herramientas como Databricks, Power BI y Power Automate, generando insights para el negocio.;Carrera 53A # 127-35, Bogotá;;
1034400353;Kevin A. Nieto Callejas;Tecnología (JR Data Scientist);kevinnieto0001@gmail.com;3003382233;14 de octubre de 2026;7:30 a.m. a 11:30 a.m.;Apoyarás al equipo de Tecnología como JR Data Scientist en la recolección, limpieza y análisis de datos, el desarrollo de algoritmos y modelos de Machine Learning, el diseño de soluciones analíticas y la automatización de reportes con herramientas como Databricks, Power BI y Power Automate, generando insights para el negocio.;Carrera 53A # 127-35, Bogotá;;
1002367458;Laura Valentina Gonzalez Rojas;Tecnología (JR Data Scientist);valrg0827@gmail.com; 314 4277940;14 de octubre de 2026;7:30 a.m. a 11:30 a.m.;Apoyarás al equipo de Tecnología como JR Data Scientist en la recolección, limpieza y análisis de datos, el desarrollo de algoritmos y modelos de Machine Learning, el diseño de soluciones analíticas y la automatización de reportes con herramientas como Databricks, Power BI y Power Automate, generando insights para el negocio.;Carrera 53A # 127-35, Bogotá;;
1011084415;Federico Hernandez Montano;Tecnología (JR Data Scientist);fedehernandezmon@gmail.com;322 342 5440;14 de octubre de 2026;7:30 a.m. a 11:30 a.m.;Apoyarás al equipo de Tecnología como JR Data Scientist en la recolección, limpieza y análisis de datos, el desarrollo de algoritmos y modelos de Machine Learning, el diseño de soluciones analíticas y la automatización de reportes con herramientas como Databricks, Power BI y Power Automate, generando insights para el negocio.;Carrera 53A # 127-35, Bogotá;;
1021392130;Santiago Chaves;Tecnología (JR Data Scientist);santiagochavesw@gmail.com; 323 4032976;14 de octubre de 2026;7:30 a.m. a 11:30 a.m.;Apoyarás al equipo de Tecnología como JR Data Scientist en la recolección, limpieza y análisis de datos, el desarrollo de algoritmos y modelos de Machine Learning, el diseño de soluciones analíticas y la automatización de reportes con herramientas como Databricks, Power BI y Power Automate, generando insights para el negocio.;Carrera 53A # 127-35, Bogotá;;
1035973289;Mariana Dávila Giraldo;Ventas (gestión de ejecución premium) Regional Andes;mdavg91@gmail.com; 312 7794191;Por confirmar;Por confirmar;Apoyarás al equipo de Trade Marketing de la Regional Andes en la ejecución de estrategias comerciales en el punto de venta, los cortes diarios de seguimiento de cobertura, el seguimiento a redenciones B2O y al plan comercial en BEES, entregando información clave a los jefes de integración comercial de la regional.;Carrera 50A # 38-39, Itagüí, Antioquia;;
1033257311;martin osorio martinez;Ventas (gestión de ejecución premium) Regional Andes;martinoso1234567@gmail.com; 314 8230896;Por confirmar;Por confirmar;Apoyarás al equipo de Trade Marketing de la Regional Andes en la ejecución de estrategias comerciales en el punto de venta, los cortes diarios de seguimiento de cobertura, el seguimiento a redenciones B2O y al plan comercial en BEES, entregando información clave a los jefes de integración comercial de la regional.;Carrera 50A # 38-39, Itagüí, Antioquia;;
1027740396;Sofía Echeverri Ríos;Ventas (gestión de ejecución premium) Regional Andes;sofiaecheverri5324@gmail.com;305 3059203;Por confirmar;Por confirmar;Apoyarás al equipo de Trade Marketing de la Regional Andes en la ejecución de estrategias comerciales en el punto de venta, los cortes diarios de seguimiento de cobertura, el seguimiento a redenciones B2O y al plan comercial en BEES, entregando información clave a los jefes de integración comercial de la regional.;Carrera 50A # 38-39, Itagüí, Antioquia;;
1011510808;Jennifer Giraldo;Ventas (gestión de ejecución premium) Regional Andes;jennifergiraldojaramillo@gmail.com; 322 5903956;Por confirmar;Por confirmar;Apoyarás al equipo de Trade Marketing de la Regional Andes en la ejecución de estrategias comerciales en el punto de venta, los cortes diarios de seguimiento de cobertura, el seguimiento a redenciones B2O y al plan comercial en BEES, entregando información clave a los jefes de integración comercial de la regional.;Carrera 50A # 38-39, Itagüí, Antioquia;;
1018232610;Mariam Camila Orrego Jiménez;Ventas (gestión de ejecución premium) Regional Andes;mariam.orrego@upb.edu.co;3194401899;Por confirmar;Por confirmar;Apoyarás al equipo de Trade Marketing de la Regional Andes en la ejecución de estrategias comerciales en el punto de venta, los cortes diarios de seguimiento de cobertura, el seguimiento a redenciones B2O y al plan comercial en BEES, entregando información clave a los jefes de integración comercial de la regional.;Carrera 50A # 38-39, Itagüí, Antioquia;;
1080260535;Nelson Ospina Mosquera;Ventas (gestión de ejecución premium) Regional Andes;nelsonospina773@gmail.com; 320 3089591;Por confirmar;Por confirmar;Apoyarás al equipo de Trade Marketing de la Regional Andes en la ejecución de estrategias comerciales en el punto de venta, los cortes diarios de seguimiento de cobertura, el seguimiento a redenciones B2O y al plan comercial en BEES, entregando información clave a los jefes de integración comercial de la regional.;Carrera 50A # 38-39, Itagüí, Antioquia;;
1001095936;Daniel Felipe Hincapié López;Ventas (gestión de ejecución premium) Regional Andes;danielhincapie888@gmail.com; 323 2175901;Por confirmar;Por confirmar;Apoyarás al equipo de Trade Marketing de la Regional Andes en la ejecución de estrategias comerciales en el punto de venta, los cortes diarios de seguimiento de cobertura, el seguimiento a redenciones B2O y al plan comercial en BEES, entregando información clave a los jefes de integración comercial de la regional.;Carrera 50A # 38-39, Itagüí, Antioquia;;
1042241820;Laura Sofía Páez Ramírez;Ventas (gestión de ejecución premium) Regional Andes;lspaezr@eafit.edu.co;3195270322;Por confirmar;Por confirmar;Apoyarás al equipo de Trade Marketing de la Regional Andes en la ejecución de estrategias comerciales en el punto de venta, los cortes diarios de seguimiento de cobertura, el seguimiento a redenciones B2O y al plan comercial en BEES, entregando información clave a los jefes de integración comercial de la regional.;Carrera 50A # 38-39, Itagüí, Antioquia;;
1105361230;Hallison Daniela Amaya Lopez;Ventas (gestión de ejecución premium) Regional Andes;hallisondaniela@gmail.com;3137503885;Por confirmar;Por confirmar;Apoyarás al equipo de Trade Marketing de la Regional Andes en la ejecución de estrategias comerciales en el punto de venta, los cortes diarios de seguimiento de cobertura, el seguimiento a redenciones B2O y al plan comercial en BEES, entregando información clave a los jefes de integración comercial de la regional.;Carrera 50A # 38-39, Itagüí, Antioquia;;
1013457902;María José Monsalve Gómez;Ventas (gestión de ejecución premium) Regional Andes;majomonsalvegomez@gmail.com; 321 8334820;Por confirmar;Por confirmar;Apoyarás al equipo de Trade Marketing de la Regional Andes en la ejecución de estrategias comerciales en el punto de venta, los cortes diarios de seguimiento de cobertura, el seguimiento a redenciones B2O y al plan comercial en BEES, entregando información clave a los jefes de integración comercial de la regional.;Carrera 50A # 38-39, Itagüí, Antioquia;;
1097492556;Vanessa Alexandra Ramírez Pinto;Ventas (gestión de ejecución premium) Regional Andes;vaneale2009@gmail.com;3102562819;Por confirmar;Por confirmar;Apoyarás al equipo de Trade Marketing de la Regional Andes en la ejecución de estrategias comerciales en el punto de venta, los cortes diarios de seguimiento de cobertura, el seguimiento a redenciones B2O y al plan comercial en BEES, entregando información clave a los jefes de integración comercial de la regional.;Carrera 50A # 38-39, Itagüí, Antioquia;;
1193115873;Jorge Sánchez Zarate;Ventas comercial (Trade Marketing) Regional Centro;jorgeszarate@outlook.com; 321 3877492;14 de octubre de 2026;7:30 a.m. a 11:30 a.m.;Apoyarás al equipo de Trade Marketing de la Regional Centro en el seguimiento de indicadores comerciales como distribución, cobertura y volumen, la construcción de reportes en Excel y Power BI, y el monitoreo de promociones, presupuestos y activaciones de marca, convirtiendo la información comercial en insights para la toma de decisiones.;Carrera 53A # 127-35, Bogotá;;
1023082568;Mariana Andrea Sanchez Garcia;Ventas comercial (Trade Marketing) Regional Centro;mariandreasaga@gmail.com; 319 5754801;14 de octubre de 2026;7:30 a.m. a 11:30 a.m.;Apoyarás al equipo de Trade Marketing de la Regional Centro en el seguimiento de indicadores comerciales como distribución, cobertura y volumen, la construcción de reportes en Excel y Power BI, y el monitoreo de promociones, presupuestos y activaciones de marca, convirtiendo la información comercial en insights para la toma de decisiones.;Carrera 53A # 127-35, Bogotá;;
1031421663;Andres Montaña;Ventas comercial (Trade Marketing) Regional Centro;andresmontana811@gmail.com;3208971335;14 de octubre de 2026;7:30 a.m. a 11:30 a.m.;Apoyarás al equipo de Trade Marketing de la Regional Centro en el seguimiento de indicadores comerciales como distribución, cobertura y volumen, la construcción de reportes en Excel y Power BI, y el monitoreo de promociones, presupuestos y activaciones de marca, convirtiendo la información comercial en insights para la toma de decisiones.;Carrera 53A # 127-35, Bogotá;;
1013256749;Juan Camilo Garzón Ramírez;Ventas comercial (Trade Marketing) Regional Centro;juangarzon1853@gmail.com; 301 6040200;14 de octubre de 2026;7:30 a.m. a 11:30 a.m.;Apoyarás al equipo de Trade Marketing de la Regional Centro en el seguimiento de indicadores comerciales como distribución, cobertura y volumen, la construcción de reportes en Excel y Power BI, y el monitoreo de promociones, presupuestos y activaciones de marca, convirtiendo la información comercial en insights para la toma de decisiones.;Carrera 53A # 127-35, Bogotá;;
1027282055;Sara Muñoz;Ventas comercial (Trade Marketing) Regional Centro;sarasmunozl@gmail.com; 321 4015628;14 de octubre de 2026;7:30 a.m. a 11:30 a.m.;Apoyarás al equipo de Trade Marketing de la Regional Centro en el seguimiento de indicadores comerciales como distribución, cobertura y volumen, la construcción de reportes en Excel y Power BI, y el monitoreo de promociones, presupuestos y activaciones de marca, convirtiendo la información comercial en insights para la toma de decisiones.;Carrera 53A # 127-35, Bogotá;;
1077721001;Ana Sofia Montero Angulo;Ventas comercial (Trade Marketing) Regional Centro;anaasofiaamonteroo@gmail.com;3142249659;14 de octubre de 2026;7:30 a.m. a 11:30 a.m.;Apoyarás al equipo de Trade Marketing de la Regional Centro en el seguimiento de indicadores comerciales como distribución, cobertura y volumen, la construcción de reportes en Excel y Power BI, y el monitoreo de promociones, presupuestos y activaciones de marca, convirtiendo la información comercial en insights para la toma de decisiones.;Carrera 53A # 127-35, Bogotá;;
1006037327;Natalia Orejuela castrillon;Ventas comercial (Trade Marketing) Regional Centro;doblecontabilidad@gmail.com; 313 7808424;14 de octubre de 2026;7:30 a.m. a 11:30 a.m.;Apoyarás al equipo de Trade Marketing de la Regional Centro en el seguimiento de indicadores comerciales como distribución, cobertura y volumen, la construcción de reportes en Excel y Power BI, y el monitoreo de promociones, presupuestos y activaciones de marca, convirtiendo la información comercial en insights para la toma de decisiones.;Carrera 53A # 127-35, Bogotá;;
1081275499;Daniela Alejandra Hernández Ortiz;Ventas comercial (Trade Marketing) Regional Centro;danielaalejandrao920@gmail.com; 314 4065467;14 de octubre de 2026;7:30 a.m. a 11:30 a.m.;Apoyarás al equipo de Trade Marketing de la Regional Centro en el seguimiento de indicadores comerciales como distribución, cobertura y volumen, la construcción de reportes en Excel y Power BI, y el monitoreo de promociones, presupuestos y activaciones de marca, convirtiendo la información comercial en insights para la toma de decisiones.;Carrera 53A # 127-35, Bogotá;;
1014859269;Juan Sebastián Quiñones Oeding;Ventas comercial (Trade Marketing) Regional Centro;jsqo4320@gmail.com; 321 2966629;14 de octubre de 2026;7:30 a.m. a 11:30 a.m.;Apoyarás al equipo de Trade Marketing de la Regional Centro en el seguimiento de indicadores comerciales como distribución, cobertura y volumen, la construcción de reportes en Excel y Power BI, y el monitoreo de promociones, presupuestos y activaciones de marca, convirtiendo la información comercial en insights para la toma de decisiones.;Carrera 53A # 127-35, Bogotá;;
1101622249;María José Arenas Gómez;Ventas comercial (Trade Marketing) Regional Centro;mariaarenasgomez12@gmail.com; 320 5643575;14 de octubre de 2026;7:30 a.m. a 11:30 a.m.;Apoyarás al equipo de Trade Marketing de la Regional Centro en el seguimiento de indicadores comerciales como distribución, cobertura y volumen, la construcción de reportes en Excel y Power BI, y el monitoreo de promociones, presupuestos y activaciones de marca, convirtiendo la información comercial en insights para la toma de decisiones.;Carrera 53A # 127-35, Bogotá;;
1105365016;Mariana Freire Baltan;Ventas Regional Sur;marianafbaltan@gmail.com; 300 2439716;22 de octubre de 2026;8:30 a.m. a 12:00 p.m.;Apoyarás al equipo de Trade Marketing de la Regional Sur en el seguimiento al material POP, la generación de informes visuales para la gerencia, el apoyo a las auditorías Copex desde el enfoque de BEES y la ejecución de un proyecto en BEES de acuerdo con las necesidades del área.;Calle 15 # 25A-37, Autopista Norte Km 4, Cali;;
1005893469;Daniel Gómez Gutierrez;Ventas Regional Sur;dani3lgom3zz@gmail.com; 313 7018275;22 de octubre de 2026;8:30 a.m. a 12:00 p.m.;Apoyarás al equipo de Trade Marketing de la Regional Sur en el seguimiento al material POP, la generación de informes visuales para la gerencia, el apoyo a las auditorías Copex desde el enfoque de BEES y la ejecución de un proyecto en BEES de acuerdo con las necesidades del área.;Calle 15 # 25A-37, Autopista Norte Km 4, Cali;;
1109185610;Ana María Gualtero Rios;Ventas Regional Sur;ana.gualtero@u.icesi.edu.co;314 3490138;22 de octubre de 2026;8:30 a.m. a 12:00 p.m.;Apoyarás al equipo de Trade Marketing de la Regional Sur en el seguimiento al material POP, la generación de informes visuales para la gerencia, el apoyo a las auditorías Copex desde el enfoque de BEES y la ejecución de un proyecto en BEES de acuerdo con las necesidades del área.;Calle 15 # 25A-37, Autopista Norte Km 4, Cali;;
1105362491;Mariana Tascón;Ventas Regional Sur;tasconmariana06@gmail.com; 302 2998079;22 de octubre de 2026;8:30 a.m. a 12:00 p.m.;Apoyarás al equipo de Trade Marketing de la Regional Sur en el seguimiento al material POP, la generación de informes visuales para la gerencia, el apoyo a las auditorías Copex desde el enfoque de BEES y la ejecución de un proyecto en BEES de acuerdo con las necesidades del área.;Calle 15 # 25A-37, Autopista Norte Km 4, Cali;;
1002965497;Luisa Viviana Alegria Jojoa;Ventas Regional Sur;luisaalegria390@gmail.com;3218878289;22 de octubre de 2026;8:30 a.m. a 12:00 p.m.;Apoyarás al equipo de Trade Marketing de la Regional Sur en el seguimiento al material POP, la generación de informes visuales para la gerencia, el apoyo a las auditorías Copex desde el enfoque de BEES y la ejecución de un proyecto en BEES de acuerdo con las necesidades del área.;Calle 15 # 25A-37, Autopista Norte Km 4, Cali;;
1006016564;Veronica Mejia Raquejo;Ventas Regional Sur;veronikamejia95@gmail.com; 318 2468842;22 de octubre de 2026;8:30 a.m. a 12:00 p.m.;Apoyarás al equipo de Trade Marketing de la Regional Sur en el seguimiento al material POP, la generación de informes visuales para la gerencia, el apoyo a las auditorías Copex desde el enfoque de BEES y la ejecución de un proyecto en BEES de acuerdo con las necesidades del área.;Calle 15 # 25A-37, Autopista Norte Km 4, Cali;;
1006493201;Yeraldin Umaña;Ventas Regional Sur;geral125.u@gmail.com;3106231132;22 de octubre de 2026;8:30 a.m. a 12:00 p.m.;Apoyarás al equipo de Trade Marketing de la Regional Sur en el seguimiento al material POP, la generación de informes visuales para la gerencia, el apoyo a las auditorías Copex desde el enfoque de BEES y la ejecución de un proyecto en BEES de acuerdo con las necesidades del área.;Calle 15 # 25A-37, Autopista Norte Km 4, Cali;;
1010960473;David Santiago Suárez Rodríguez;Ventas Regional Sur;davidrodriguez081@hotmail.com; 318 6029672;22 de octubre de 2026;8:30 a.m. a 12:00 p.m.;Apoyarás al equipo de Trade Marketing de la Regional Sur en el seguimiento al material POP, la generación de informes visuales para la gerencia, el apoyo a las auditorías Copex desde el enfoque de BEES y la ejecución de un proyecto en BEES de acuerdo con las necesidades del área.;Calle 15 # 25A-37, Autopista Norte Km 4, Cali;;
1105364869;Luisa Fernanda Bravo Otero;Ventas Regional Sur;bravooteroluisafernanda@gmail.com;311 3233801;22 de octubre de 2026;8:30 a.m. a 12:00 p.m.;Apoyarás al equipo de Trade Marketing de la Regional Sur en el seguimiento al material POP, la generación de informes visuales para la gerencia, el apoyo a las auditorías Copex desde el enfoque de BEES y la ejecución de un proyecto en BEES de acuerdo con las necesidades del área.;Calle 15 # 25A-37, Autopista Norte Km 4, Cali;;
1105928637;Nicolás Barbosa Fernández;Ventas Regional Sur;nicolasbarfer@gmail.com;0;22 de octubre de 2026;8:30 a.m. a 12:00 p.m.;Apoyarás al equipo de Trade Marketing de la Regional Sur en el seguimiento al material POP, la generación de informes visuales para la gerencia, el apoyo a las auditorías Copex desde el enfoque de BEES y la ejecución de un proyecto en BEES de acuerdo con las necesidades del área.;Calle 15 # 25A-37, Autopista Norte Km 4, Cali;;
1107975100;Luisa Lozano Trujillo;Relaciones laborales;luisam.lozano@urosario.edu.co; 311 8143467;14 de octubre de 2026;1:30 p.m. a 5:30 p.m.;Apoyarás al equipo de Relaciones Laborales en la documentación, organización y sistematización de los procesos del área, levantando y actualizando la información de cada proceso, ordenando sus soportes y registros, y proponiendo formas más claras y ágiles de gestionarlos para que el equipo cuente con información estructurada y de fácil consulta.;Carrera 53A # 127-35, Bogotá;;
1082859811;Juan Camilo Zúñiga Suárez;Relaciones laborales;jczuniga1905@gmail.com; 323 3367001;14 de octubre de 2026;1:30 p.m. a 5:30 p.m.;Apoyarás al equipo de Relaciones Laborales en la documentación, organización y sistematización de los procesos del área, levantando y actualizando la información de cada proceso, ordenando sus soportes y registros, y proponiendo formas más claras y ágiles de gestionarlos para que el equipo cuente con información estructurada y de fácil consulta.;Carrera 53A # 127-35, Bogotá;;
1065582886;Sebastián Andrés Rodríguez Barrera;Relaciones laborales;serodriguezb7@gmail.com; 313 5117090;14 de octubre de 2026;1:30 p.m. a 5:30 p.m.;Apoyarás al equipo de Relaciones Laborales en la documentación, organización y sistematización de los procesos del área, levantando y actualizando la información de cada proceso, ordenando sus soportes y registros, y proponiendo formas más claras y ágiles de gestionarlos para que el equipo cuente con información estructurada y de fácil consulta.;Carrera 53A # 127-35, Bogotá;;
1125760316;Mariangel Grimaldo Capdevilla;Relaciones laborales;mariangelgricap@gmail.com; 313 8394233;14 de octubre de 2026;1:30 p.m. a 5:30 p.m.;Apoyarás al equipo de Relaciones Laborales en la documentación, organización y sistematización de los procesos del área, levantando y actualizando la información de cada proceso, ordenando sus soportes y registros, y proponiendo formas más claras y ágiles de gestionarlos para que el equipo cuente con información estructurada y de fácil consulta.;Carrera 53A # 127-35, Bogotá;;
1007604121;Santiago Téllez Gutiérrez;Relaciones laborales;stgsan@hotmail.com; 318 8778478;14 de octubre de 2026;1:30 p.m. a 5:30 p.m.;Apoyarás al equipo de Relaciones Laborales en la documentación, organización y sistematización de los procesos del área, levantando y actualizando la información de cada proceso, ordenando sus soportes y registros, y proponiendo formas más claras y ágiles de gestionarlos para que el equipo cuente con información estructurada y de fácil consulta.;Carrera 53A # 127-35, Bogotá;;
1111111111;Prueba Bavaria;Vacante de prueba;;;14 de octubre de 2026;7:30 a.m. a 11:30 a.m.;Registro de prueba, no es un candidato real.;Carrera 53A # 127-35, Bogota;;
